<TICKER>,<PER>,<DATE>,<TIME>,<OPEN>,<HIGH>,<LOW>,<CLOSE>,<VOL>
USDJPY,W,20001002,00:00:00,108.1300000,109.6000000,108.0800000,108.7600000,0
USDJPY,W,20001009,00:00:00,108.8800000,109.1200000,107.3600000,107.8300000,0
USDJPY,W,20001016,00:00:00,107.6700000,109.1700000,107.4300000,108.8800000,0
USDJPY,W,20001023,00:00:00,108.9000000,109.0400000,107.6300000,108.6000000,0
USDJPY,W,20001030,00:00:00,108.6400000,109.3000000,106.8300000,106.9500000,0
USDJPY,W,20001106,00:00:00,107.2100000,107.9800000,106.9000000,107.8600000,0
USDJPY,W,20001113,00:00:00,107.9400000,109.1200000,107.4100000,108.7900000,0
USDJPY,W,20001120,00:00:00,108.8000000,111.4300000,108.7200000,111.2500000,0
USDJPY,W,20001127,00:00:00,111.1600000,112.0300000,109.8200000,111.1700000,0
USDJPY,W,20001204,00:00:00,111.3600000,111.4500000,110.1700000,110.9700000,0
USDJPY,W,20001211,00:00:00,111.3700000,112.8300000,110.5500000,112.5700000,0
USDJPY,W,20001218,00:00:00,112.5200000,113.1500000,111.8200000,112.8400000,0
USDJPY,W,20001225,00:00:00,112.8400000,115.0800000,112.7200000,114.3200000,0
USDJPY,W,20010101,00:00:00,114.4100000,116.8800000,113.6000000,116.5200000,0
USDJPY,W,20010108,00:00:00,116.5600000,118.5400000,115.6500000,118.4300000,0
USDJPY,W,20010115,00:00:00,118.4100000,119.8700000,116.9300000,117.1300000,0
USDJPY,W,20010122,00:00:00,117.0500000,118.4500000,116.1600000,117.2500000,0
USDJPY,W,20010129,00:00:00,117.5000000,117.7400000,114.9500000,115.6300000,0
USDJPY,W,20010205,00:00:00,115.6400000,117.7500000,114.3600000,117.4800000,0
USDJPY,W,20010212,00:00:00,114.6500000,117.9400000,114.5800000,115.8000000,0
USDJPY,W,20010219,00:00:00,115.8000000,117.2100000,115.2400000,115.8500000,0
USDJPY,W,20010226,00:00:00,115.9000000,119.3900000,115.8200000,119.0200000,0
USDJPY,W,20010305,00:00:00,119.2700000,120.4000000,118.2900000,119.8400000,0
USDJPY,W,20010312,00:00:00,120.0800000,123.2400000,119.2700000,122.9600000,0
USDJPY,W,20010319,00:00:00,122.9600000,124.4200000,121.9600000,122.7200000,0
USDJPY,W,20010326,00:00:00,123.0100000,126.3700000,121.4200000,126.3300000,0
USDJPY,W,20010402,00:00:00,126.3200000,126.9000000,123.9300000,123.9500000,0
USDJPY,W,20010409,00:00:00,124.9100000,125.5400000,122.9800000,124.1900000,0
USDJPY,W,20010416,00:00:00,124.6600000,125.0200000,120.9300000,122.4300000,0
USDJPY,W,20010423,00:00:00,121.9000000,124.4100000,121.1600000,124.1000000,0
USDJPY,W,20010430,00:00:00,121.4800000,124.2000000,120.6300000,121.3800000,0
USDJPY,W,20010507,00:00:00,121.3000000,122.9100000,120.8500000,122.4300000,0
USDJPY,W,20010514,00:00:00,122.5200000,124.1300000,122.4800000,123.5800000,0
USDJPY,W,20010521,00:00:00,123.7000000,123.8000000,118.9300000,120.7000000,0
USDJPY,W,20010528,00:00:00,121.0400000,121.4500000,118.3300000,119.3000000,0
USDJPY,W,20010604,00:00:00,119.1400000,121.0200000,118.7400000,120.9200000,0
USDJPY,W,20010611,00:00:00,120.8800000,123.2900000,120.8800000,122.9800000,0
USDJPY,W,20010618,00:00:00,123.0900000,124.7900000,122.5800000,124.5500000,0
USDJPY,W,20010625,00:00:00,124.3200000,125.0600000,123.3100000,124.6400000,0
USDJPY,W,20010702,00:00:00,124.7700000,126.1400000,123.7800000,125.9200000,0
USDJPY,W,20010709,00:00:00,125.5500000,125.9600000,123.5300000,124.9900000,0
USDJPY,W,20010716,00:00:00,124.6700000,125.6000000,122.6800000,122.9700000,0
USDJPY,W,20010723,00:00:00,123.0700000,124.4900000,123.0700000,123.5600000,0
USDJPY,W,20010730,00:00:00,123.2900000,125.4200000,123.2200000,123.8900000,0
USDJPY,W,20010806,00:00:00,124.1000000,124.2300000,121.3800000,122.6200000,0
USDJPY,W,20010813,00:00:00,122.0100000,123.2200000,119.0800000,120.2900000,0
USDJPY,W,20010820,00:00:00,120.3300000,120.9200000,119.4600000,120.0900000,0
USDJPY,W,20010827,00:00:00,120.1600000,120.8800000,118.4700000,118.8400000,0
USDJPY,W,20010903,00:00:00,119.0600000,121.6000000,118.5500000,120.1100000,0
USDJPY,W,20010910,00:00:00,120.1600000,122.1500000,116.8700000,117.4000000,0
USDJPY,W,20010917,00:00:00,117.5700000,118.4000000,115.7500000,116.7000000,0
USDJPY,W,20010924,00:00:00,116.5400000,120.1000000,116.4300000,119.5800000,0
USDJPY,W,20011001,00:00:00,119.4500000,121.5700000,119.3300000,120.4700000,0
USDJPY,W,20011008,00:00:00,120.3100000,121.8200000,119.6000000,121.1300000,0
USDJPY,W,20011015,00:00:00,121.1300000,121.9400000,120.4200000,121.2700000,0
USDJPY,W,20011022,00:00:00,121.6100000,123.4300000,121.4400000,122.6500000,0
USDJPY,W,20011029,00:00:00,122.1900000,122.6700000,121.3300000,121.6200000,0
USDJPY,W,20011105,00:00:00,121.6700000,122.1700000,119.7500000,120.4300000,0
USDJPY,W,20011112,00:00:00,120.7000000,122.9900000,119.7000000,122.9900000,0
USDJPY,W,20011119,00:00:00,122.8200000,124.5400000,122.5400000,124.2300000,0
USDJPY,W,20011126,00:00:00,124.3500000,124.5800000,122.7800000,123.5000000,0
USDJPY,W,20011203,00:00:00,123.3500000,125.8100000,123.2400000,125.6600000,0
USDJPY,W,20011210,00:00:00,125.5300000,127.9900000,125.4700000,127.3200000,0
USDJPY,W,20011217,00:00:00,127.3400000,129.7700000,127.3400000,129.6000000,0
USDJPY,W,20011224,00:00:00,129.5100000,132.1000000,129.2700000,131.0700000,0
USDJPY,W,20011231,00:00:00,131.1100000,132.3200000,130.6000000,130.9400000,0
USDJPY,W,20020107,00:00:00,131.0100000,133.3700000,130.3500000,131.8800000,0
USDJPY,W,20020114,00:00:00,131.9400000,133.0100000,130.8500000,132.7500000,0
USDJPY,W,20020121,00:00:00,132.2800000,134.8800000,132.2400000,134.4400000,0
USDJPY,W,20020128,00:00:00,133.8100000,135.0100000,132.3200000,133.8000000,0
USDJPY,W,20020204,00:00:00,134.3000000,135.0200000,131.9700000,134.7700000,0
USDJPY,W,20020211,00:00:00,134.9200000,135.1000000,131.9400000,132.6700000,0
USDJPY,W,20020218,00:00:00,132.7000000,134.5500000,132.4500000,134.1000000,0
USDJPY,W,20020225,00:00:00,134.0800000,135.0100000,133.0500000,133.1500000,0
USDJPY,W,20020304,00:00:00,132.8100000,132.8800000,127.3000000,128.0200000,0
USDJPY,W,20020311,00:00:00,129.1100000,129.6600000,127.7400000,129.1400000,0
USDJPY,W,20020318,00:00:00,130.2600000,132.9900000,130.2100000,132.7700000,0
USDJPY,W,20020325,00:00:00,133.0200000,133.5400000,132.1900000,132.7700000,0
USDJPY,W,20020401,00:00:00,132.7300000,133.6000000,131.2900000,131.6600000,0
USDJPY,W,20020408,00:00:00,131.6600000,132.2600000,130.2700000,132.0600000,0
USDJPY,W,20020415,00:00:00,131.7800000,131.8100000,129.6500000,130.4600000,0
USDJPY,W,20020422,00:00:00,130.1500000,130.4500000,127.8300000,127.9300000,0
USDJPY,W,20020429,00:00:00,127.9200000,128.6600000,126.8600000,128.3300000,0
USDJPY,W,20020506,00:00:00,127.2800000,129.0800000,126.7400000,128.5400000,0
USDJPY,W,20020513,00:00:00,127.3500000,128.8200000,125.5400000,126.0000000,0
USDJPY,W,20020520,00:00:00,126.0800000,126.2300000,123.5000000,124.7400000,0
USDJPY,W,20020527,00:00:00,124.8900000,125.1100000,122.7800000,124.4000000,0
USDJPY,W,20020603,00:00:00,124.2800000,125.1100000,123.2400000,124.4400000,0
USDJPY,W,20020610,00:00:00,124.3800000,125.9900000,123.9400000,124.2100000,0
USDJPY,W,20020617,00:00:00,124.2100000,124.9000000,120.8500000,121.4500000,0
USDJPY,W,20020624,00:00:00,121.8900000,122.0300000,118.3200000,119.5200000,0
USDJPY,W,20020701,00:00:00,119.5200000,120.8300000,119.2200000,120.4200000,0
USDJPY,W,20020708,00:00:00,120.0100000,120.4200000,116.4300000,116.9000000,0
USDJPY,W,20020715,00:00:00,116.2800000,117.3900000,115.4600000,115.8100000,0
USDJPY,W,20020722,00:00:00,116.1700000,119.1000000,115.8600000,118.8800000,0
USDJPY,W,20020729,00:00:00,118.9600000,120.4200000,118.4700000,118.9700000,0
USDJPY,W,20020805,00:00:00,119.4600000,121.2600000,118.7800000,120.4000000,0
USDJPY,W,20020812,00:00:00,120.0000000,120.0300000,116.2800000,117.5500000,0
USDJPY,W,20020819,00:00:00,117.9300000,120.3200000,117.7200000,119.5800000,0
USDJPY,W,20020826,00:00:00,119.6700000,119.9900000,117.4900000,118.3500000,0
USDJPY,W,20020902,00:00:00,118.5700000,118.9400000,116.8800000,118.5500000,0
USDJPY,W,20020909,00:00:00,118.3300000,122.3200000,118.2200000,121.7700000,0
USDJPY,W,20020916,00:00:00,122.0200000,123.7800000,120.8900000,123.2600000,0
USDJPY,W,20020923,00:00:00,123.2100000,124.0300000,121.8700000,122.5700000,0
USDJPY,W,20020930,00:00:00,122.5700000,123.4000000,121.1000000,123.0800000,0
USDJPY,W,20021007,00:00:00,123.7300000,124.6700000,123.1000000,124.0500000,0
USDJPY,W,20021014,00:00:00,123.8200000,125.6100000,123.7500000,125.5200000,0
USDJPY,W,20021021,00:00:00,125.0300000,125.4900000,123.5900000,124.3400000,0
USDJPY,W,20021028,00:00:00,124.2300000,125.0400000,121.5800000,122.3100000,0
USDJPY,W,20021104,00:00:00,122.1900000,122.7200000,119.5000000,119.8400000,0
USDJPY,W,20021111,00:00:00,119.9100000,120.9300000,119.0400000,120.4800000,0
USDJPY,W,20021118,00:00:00,120.9800000,123.0200000,120.7800000,122.9500000,0
USDJPY,W,20021125,00:00:00,122.6400000,123.1500000,121.3000000,122.5900000,0
USDJPY,W,20021202,00:00:00,123.4300000,125.7200000,122.1000000,123.7800000,0
USDJPY,W,20021209,00:00:00,122.5700000,123.9300000,120.2900000,120.5500000,0
USDJPY,W,20021216,00:00:00,120.5600000,121.5100000,120.1900000,120.3900000,0
USDJPY,W,20021223,00:00:00,120.2800000,120.8200000,119.7500000,119.8900000,0
USDJPY,W,20021230,00:00:00,119.9000000,120.1500000,118.2800000,119.7600000,0
USDJPY,W,20030106,00:00:00,119.8900000,120.4800000,118.5500000,119.2000000,0
USDJPY,W,20030113,00:00:00,119.2500000,119.5300000,117.4000000,117.6900000,0
USDJPY,W,20030120,00:00:00,118.2500000,119.2000000,117.6100000,117.9400000,0
USDJPY,W,20030127,00:00:00,117.9400000,120.1300000,117.4800000,119.9100000,0
USDJPY,W,20030203,00:00:00,119.7800000,120.9400000,119.0100000,120.2200000,0
USDJPY,W,20030210,00:00:00,120.3800000,121.8100000,120.0900000,120.3000000,0
USDJPY,W,20030217,00:00:00,120.4700000,120.8700000,118.0600000,118.6100000,0
USDJPY,W,20030224,00:00:00,118.7300000,118.9200000,116.7800000,118.1100000,0
USDJPY,W,20030303,00:00:00,118.2100000,118.3500000,116.3300000,117.0500000,0
USDJPY,W,20030310,00:00:00,116.6700000,118.8300000,116.3500000,118.2300000,0
USDJPY,W,20030317,00:00:00,118.1300000,121.9200000,117.5200000,121.6300000,0
USDJPY,W,20030324,00:00:00,121.0900000,121.3700000,119.4300000,119.8200000,0
USDJPY,W,20030331,00:00:00,119.8200000,120.2500000,117.6000000,119.9400000,0
USDJPY,W,20030407,00:00:00,120.3500000,120.9600000,119.1100000,120.5500000,0
USDJPY,W,20030414,00:00:00,120.4800000,120.9000000,118.8800000,119.7800000,0
USDJPY,W,20030421,00:00:00,119.6500000,121.2100000,119.3000000,120.2100000,0
USDJPY,W,20030428,00:00:00,120.2000000,120.7900000,118.1200000,119.0900000,0
USDJPY,W,20030505,00:00:00,119.0000000,119.1600000,115.9500000,117.4400000,0
USDJPY,W,20030512,00:00:00,117.2600000,117.5800000,115.2600000,116.0900000,0
USDJPY,W,20030519,00:00:00,115.4600000,117.8600000,115.0200000,116.9700000,0
USDJPY,W,20030526,00:00:00,116.7400000,119.6900000,116.1500000,119.3400000,0
USDJPY,W,20030602,00:00:00,119.5800000,119.7100000,117.3000000,118.6900000,0
USDJPY,W,20030609,00:00:00,118.7300000,118.8600000,117.1500000,117.5000000,0
USDJPY,W,20030616,00:00:00,117.3700000,119.1600000,117.1300000,118.4400000,0
USDJPY,W,20030623,00:00:00,118.5200000,120.0700000,117.2900000,119.5900000,0
USDJPY,W,20030630,00:00:00,119.6000000,120.3000000,117.8200000,118.1500000,0
USDJPY,W,20030707,00:00:00,118.0500000,118.7700000,117.3400000,117.8900000,0
USDJPY,W,20030714,00:00:00,117.7400000,119.3300000,116.6200000,118.5200000,0
USDJPY,W,20030721,00:00:00,118.5700000,119.4600000,118.2100000,118.8700000,0
USDJPY,W,20030728,00:00:00,118.9500000,120.7700000,118.8400000,120.2000000,0
USDJPY,W,20030804,00:00:00,120.1800000,120.6900000,118.7500000,119.1100000,0
USDJPY,W,20030811,00:00:00,119.0800000,119.7600000,118.1500000,119.2100000,0
USDJPY,W,20030818,00:00:00,119.2000000,119.8500000,117.2800000,117.5900000,0
USDJPY,W,20030825,00:00:00,117.5600000,118.0700000,116.1000000,116.9700000,0
USDJPY,W,20030901,00:00:00,116.7200000,117.3200000,115.7100000,116.8600000,0
USDJPY,W,20030908,00:00:00,116.7900000,117.7700000,116.0400000,117.3300000,0
USDJPY,W,20030915,00:00:00,117.2700000,117.7400000,113.5500000,114.0200000,0
USDJPY,W,20030922,00:00:00,112.5500000,113.3400000,110.8800000,111.7500000,0
USDJPY,W,20030929,00:00:00,111.7600000,112.1500000,110.0700000,110.9900000,0
USDJPY,W,20031006,00:00:00,111.0200000,111.4200000,108.2200000,108.6800000,0
USDJPY,W,20031013,00:00:00,108.4900000,110.3500000,108.2400000,109.3900000,0
USDJPY,W,20031020,00:00:00,109.0500000,110.6400000,108.7500000,109.2800000,0
USDJPY,W,20031027,00:00:00,109.2400000,110.2900000,107.8000000,110.0000000,0
USDJPY,W,20031103,00:00:00,109.8800000,111.5600000,109.0200000,109.4200000,0
USDJPY,W,20031110,00:00:00,109.3100000,109.7000000,107.8400000,108.4100000,0
USDJPY,W,20031117,00:00:00,108.3000000,109.8100000,107.5100000,108.8000000,0
USDJPY,W,20031124,00:00:00,108.7600000,110.1000000,108.7500000,109.6400000,0
USDJPY,W,20031201,00:00:00,109.7000000,110.0800000,107.5100000,107.7200000,0
USDJPY,W,20031208,00:00:00,107.6600000,108.7900000,106.7000000,107.9300000,0
USDJPY,W,20031215,00:00:00,108.3300000,108.4400000,107.1900000,107.8600000,0
USDJPY,W,20031222,00:00:00,107.6500000,108.0300000,106.8600000,107.4900000,0
USDJPY,W,20031229,00:00:00,107.3300000,107.7900000,106.6300000,107.0800000,0
USDJPY,W,20040105,00:00:00,107.0400000,108.3200000,105.8400000,106.8400000,0
USDJPY,W,20040112,00:00:00,106.6100000,107.0700000,105.7000000,106.8900000,0
USDJPY,W,20040119,00:00:00,106.5400000,107.9800000,105.6900000,106.8000000,0
USDJPY,W,20040126,00:00:00,106.5700000,106.7900000,105.4300000,105.7500000,0
USDJPY,W,20040202,00:00:00,105.5900000,106.8500000,105.2000000,105.5300000,0
USDJPY,W,20040209,00:00:00,105.6100000,105.9700000,105.1600000,105.4700000,0
USDJPY,W,20040216,00:00:00,105.4500000,109.3800000,105.3400000,109.0500000,0
USDJPY,W,20040223,00:00:00,108.8400000,109.8900000,108.0200000,109.1300000,0
USDJPY,W,20040301,00:00:00,109.0000000,112.3400000,108.8400000,112.0800000,0
USDJPY,W,20040308,00:00:00,112.0600000,112.3700000,110.1900000,110.8300000,0
USDJPY,W,20040315,00:00:00,110.6800000,111.1200000,106.3500000,106.7100000,0
USDJPY,W,20040322,00:00:00,106.8100000,107.7200000,105.5000000,106.0500000,0
USDJPY,W,20040329,00:00:00,105.5700000,106.0500000,103.3800000,104.5300000,0
USDJPY,W,20040405,00:00:00,104.5400000,107.2700000,104.1100000,106.4800000,0
USDJPY,W,20040412,00:00:00,106.4200000,109.3100000,105.0200000,107.8500000,0
USDJPY,W,20040419,00:00:00,107.7300000,109.9500000,107.5700000,109.0000000,0
USDJPY,W,20040426,00:00:00,108.9400000,111.0900000,108.2500000,110.5500000,0
USDJPY,W,20040503,00:00:00,110.4100000,112.5500000,108.2900000,112.2400000,0
USDJPY,W,20040510,00:00:00,112.2900000,114.9500000,112.1200000,114.2600000,0
USDJPY,W,20040517,00:00:00,114.2100000,114.7700000,111.7200000,112.3600000,0
USDJPY,W,20040524,00:00:00,112.5600000,113.3900000,109.9900000,110.2400000,0
USDJPY,W,20040531,00:00:00,109.6000000,112.0500000,109.0000000,111.2100000,0
USDJPY,W,20040607,00:00:00,110.1900000,110.6400000,108.6200000,110.1200000,0
USDJPY,W,20040614,00:00:00,110.1800000,111.5300000,108.5200000,108.9400000,0
USDJPY,W,20040621,00:00:00,108.7900000,109.3700000,106.9900000,107.6000000,0
USDJPY,W,20040628,00:00:00,107.5900000,109.6400000,107.4000000,108.3400000,0
USDJPY,W,20040705,00:00:00,108.3300000,109.6200000,108.0400000,108.2000000,0
USDJPY,W,20040712,00:00:00,107.9300000,110.1100000,107.5200000,108.7300000,0
USDJPY,W,20040719,00:00:00,108.8000000,110.3700000,108.0600000,110.2300000,0
USDJPY,W,20040726,00:00:00,110.1200000,112.5300000,109.4400000,111.4000000,0
USDJPY,W,20040802,00:00:00,111.0700000,111.9500000,109.8000000,110.5300000,0
USDJPY,W,20040809,00:00:00,110.4700000,112.1400000,110.0900000,110.7500000,0
USDJPY,W,20040816,00:00:00,110.3700000,111.0700000,108.9200000,109.1400000,0
USDJPY,W,20040823,00:00:00,109.1600000,110.5400000,108.9800000,109.6900000,0
USDJPY,W,20040830,00:00:00,109.5900000,110.7600000,108.7300000,110.4900000,0
USDJPY,W,20040906,00:00:00,110.5400000,110.6500000,109.0100000,109.6900000,0
USDJPY,W,20040913,00:00:00,109.6300000,110.4700000,109.2600000,109.8500000,0
USDJPY,W,20040920,00:00:00,109.8800000,110.9800000,109.5500000,110.8200000,0
USDJPY,W,20040927,00:00:00,110.8200000,111.7700000,109.7800000,110.5500000,0
USDJPY,W,20041004,00:00:00,110.7500000,111.5200000,109.2800000,109.5600000,0
USDJPY,W,20041011,00:00:00,109.4500000,110.2500000,108.7800000,109.3400000,0
USDJPY,W,20041018,00:00:00,109.2500000,109.6700000,107.3000000,107.6700000,0
USDJPY,W,20041025,00:00:00,106.7800000,107.2100000,105.7400000,105.8300000,0
USDJPY,W,20041101,00:00:00,105.9000000,106.9600000,105.5000000,105.5900000,0
USDJPY,W,20041108,00:00:00,105.3600000,107.3500000,105.2500000,105.6000000,0
USDJPY,W,20041115,00:00:00,105.5900000,105.7600000,102.6800000,103.1200000,0
USDJPY,W,20041122,00:00:00,103.2500000,103.7700000,102.1400000,102.5800000,0
USDJPY,W,20041129,00:00:00,102.7900000,103.6500000,101.8200000,102.1000000,0
USDJPY,W,20041206,00:00:00,102.1100000,106.2400000,101.8800000,105.2400000,0
USDJPY,W,20041213,00:00:00,105.3900000,105.8300000,103.4200000,104.1900000,0
USDJPY,W,20041220,00:00:00,103.9500000,104.7400000,103.4200000,103.6900000,0
USDJPY,W,20041227,00:00:00,103.6800000,104.3300000,102.2500000,102.6400000,0
USDJPY,W,20050103,00:00:00,102.6700000,105.2100000,102.3300000,104.7700000,0
USDJPY,W,20050110,00:00:00,104.7800000,104.8900000,101.7500000,102.0800000,0
USDJPY,W,20050117,00:00:00,102.0000000,103.9700000,101.6500000,102.7200000,0
USDJPY,W,20050124,00:00:00,102.8000000,104.3900000,102.3400000,103.3000000,0
USDJPY,W,20050131,00:00:00,103.5400000,104.8000000,103.3000000,104.1200000,0
USDJPY,W,20050207,00:00:00,104.3500000,106.9000000,104.0300000,105.7300000,0
USDJPY,W,20050214,00:00:00,105.4400000,105.9300000,104.2500000,105.6600000,0
USDJPY,W,20050221,00:00:00,105.7000000,105.8700000,103.8000000,105.2500000,0
USDJPY,W,20050228,00:00:00,105.2100000,105.6100000,104.0400000,104.8000000,0
USDJPY,W,20050307,00:00:00,104.7300000,105.4300000,103.6200000,104.0200000,0
USDJPY,W,20050314,00:00:00,103.8300000,105.2500000,103.6800000,104.7900000,0
USDJPY,W,20050321,00:00:00,104.7400000,106.6500000,104.6300000,106.4300000,0
USDJPY,W,20050328,00:00:00,106.3400000,107.8300000,106.3100000,107.5800000,0
USDJPY,W,20050404,00:00:00,107.6100000,108.9600000,107.5300000,108.2500000,0
USDJPY,W,20050411,00:00:00,108.2300000,108.6100000,107.1500000,107.8100000,0
USDJPY,W,20050418,00:00:00,107.6400000,108.1200000,105.7200000,106.0200000,0
USDJPY,W,20050425,00:00:00,105.2800000,106.4700000,104.6500000,104.7900000,0
USDJPY,W,20050502,00:00:00,105.2200000,105.4200000,104.1600000,105.0800000,0
USDJPY,W,20050509,00:00:00,105.0900000,107.5000000,104.8800000,107.3500000,0
USDJPY,W,20050516,00:00:00,107.2700000,108.3600000,106.5300000,108.1700000,0
USDJPY,W,20050523,00:00:00,108.2000000,108.3700000,107.1900000,107.9500000,0
USDJPY,W,20050530,00:00:00,107.9600000,108.9200000,107.4500000,107.7700000,0
USDJPY,W,20050606,00:00:00,107.8500000,108.7300000,106.4700000,108.7000000,0
USDJPY,W,20050613,00:00:00,108.6100000,109.7800000,108.4100000,108.6000000,0
USDJPY,W,20050620,00:00:00,108.8100000,109.6700000,108.1200000,109.0600000,0
USDJPY,W,20050627,00:00:00,109.1700000,111.8400000,109.1000000,111.8100000,0
USDJPY,W,20050704,00:00:00,111.6700000,112.6200000,111.2900000,112.2300000,0
USDJPY,W,20050711,00:00:00,112.2100000,112.4500000,110.7200000,112.1900000,0
USDJPY,W,20050718,00:00:00,112.2700000,113.7600000,109.8400000,111.3900000,0
USDJPY,W,20050725,00:00:00,111.2200000,112.9100000,111.1800000,112.5200000,0
USDJPY,W,20050801,00:00:00,112.5500000,112.8100000,110.7200000,111.9700000,0
USDJPY,W,20050808,00:00:00,112.0500000,112.6600000,109.2800000,109.4000000,0
USDJPY,W,20050815,00:00:00,109.4500000,110.8200000,108.9700000,110.4700000,0
USDJPY,W,20050822,00:00:00,110.3900000,110.7700000,109.3300000,110.2300000,0
USDJPY,W,20050829,00:00:00,110.1600000,111.8300000,109.1800000,109.8400000,0
USDJPY,W,20050905,00:00:00,109.6900000,110.7900000,108.7400000,109.6900000,0
USDJPY,W,20050912,00:00:00,109.2400000,111.5200000,109.1300000,111.3600000,0
USDJPY,W,20050919,00:00:00,111.4800000,112.5600000,110.9400000,112.5400000,0
USDJPY,W,20050926,00:00:00,112.4800000,113.7400000,112.0600000,113.5200000,0
USDJPY,W,20051003,00:00:00,113.3800000,114.4500000,113.0000000,113.8300000,0
USDJPY,W,20051010,00:00:00,113.7500000,115.1300000,113.5100000,114.1000000,0
USDJPY,W,20051017,00:00:00,114.0900000,116.0400000,113.7300000,115.9300000,0
USDJPY,W,20051024,00:00:00,115.9000000,116.2700000,114.5800000,115.7100000,0
USDJPY,W,20051031,00:00:00,115.7400000,118.3800000,115.5000000,118.3600000,0
USDJPY,W,20051107,00:00:00,118.2500000,118.4300000,116.8300000,118.0100000,0
USDJPY,W,20051114,00:00:00,117.9900000,119.6100000,117.8000000,119.1300000,0
USDJPY,W,20051121,00:00:00,119.1800000,119.7500000,118.1600000,119.6700000,0
USDJPY,W,20051128,00:00:00,119.6600000,121.2600000,118.3100000,120.6300000,0
USDJPY,W,20051205,00:00:00,121.0000000,121.4500000,119.9500000,120.6900000,0
USDJPY,W,20051212,00:00:00,120.7100000,121.1100000,115.5800000,115.6800000,0
USDJPY,W,20051219,00:00:00,115.5800000,117.7000000,115.4900000,116.2800000,0
USDJPY,W,20051226,00:00:00,116.2900000,118.2200000,115.9600000,117.7600000,0
USDJPY,W,20060102,00:00:00,117.8700000,118.1100000,114.1800000,114.4800000,0
USDJPY,W,20060109,00:00:00,114.5300000,114.9500000,113.4000000,114.2200000,0
USDJPY,W,20060116,00:00:00,114.1900000,115.7700000,113.7600000,115.3200000,0
USDJPY,W,20060123,00:00:00,114.6900000,117.4800000,114.1000000,117.3300000,0
USDJPY,W,20060130,00:00:00,117.2600000,119.4400000,116.6600000,118.9700000,0
USDJPY,W,20060206,00:00:00,118.7800000,119.2200000,116.8500000,117.8900000,0
USDJPY,W,20060213,00:00:00,117.7900000,118.9000000,116.7400000,118.0900000,0
USDJPY,W,20060220,00:00:00,118.1600000,119.0400000,116.3900000,116.7900000,0
USDJPY,W,20060227,00:00:00,116.2000000,116.8300000,115.4300000,116.4100000,0
USDJPY,W,20060306,00:00:00,116.8600000,119.1800000,116.7700000,119.0400000,0
USDJPY,W,20060313,00:00:00,118.9000000,119.2400000,115.6600000,115.9200000,0
USDJPY,W,20060320,00:00:00,115.9600000,118.5400000,115.4800000,117.5100000,0
USDJPY,W,20060327,00:00:00,117.5500000,118.2600000,116.2300000,117.8100000,0
USDJPY,W,20060403,00:00:00,117.7700000,118.8500000,116.6300000,118.3200000,0
USDJPY,W,20060410,00:00:00,118.1300000,118.9400000,117.7800000,118.7100000,0
USDJPY,W,20060417,00:00:00,118.5900000,118.6300000,116.5100000,116.6300000,0
USDJPY,W,20060424,00:00:00,115.5400000,116.0100000,113.6200000,113.8500000,0
USDJPY,W,20060501,00:00:00,113.2200000,114.2300000,112.2200000,112.6000000,0
USDJPY,W,20060508,00:00:00,112.0200000,112.2400000,109.2900000,110.0500000,0
USDJPY,W,20060515,00:00:00,109.5700000,112.2800000,108.9300000,111.7000000,0
USDJPY,W,20060522,00:00:00,111.7100000,113.0100000,110.9300000,112.6900000,0
USDJPY,W,20060529,00:00:00,112.5900000,113.4200000,111.3000000,111.7500000,0
USDJPY,W,20060605,00:00:00,111.6600000,114.7900000,111.3900000,113.9900000,0
USDJPY,W,20060612,00:00:00,114.1700000,115.5000000,113.9200000,115.2100000,0
USDJPY,W,20060619,00:00:00,115.1400000,116.6500000,114.3400000,116.5600000,0
USDJPY,W,20060626,00:00:00,116.3300000,116.7600000,114.1300000,114.4600000,0
USDJPY,W,20060703,00:00:00,114.3600000,115.8400000,113.7900000,114.0800000,0
USDJPY,W,20060710,00:00:00,114.0000000,116.4600000,113.4100000,116.1200000,0
USDJPY,W,20060717,00:00:00,116.1600000,117.9400000,115.7800000,116.1900000,0
USDJPY,W,20060724,00:00:00,116.1300000,117.4600000,114.5600000,114.6700000,0
USDJPY,W,20060731,00:00:00,114.6500000,115.6200000,113.9300000,114.4200000,0
USDJPY,W,20060807,00:00:00,114.2100000,116.5000000,114.1200000,116.3400000,0
USDJPY,W,20060814,00:00:00,116.3000000,116.8000000,115.1400000,115.8500000,0
USDJPY,W,20060821,00:00:00,115.7800000,117.4700000,115.3000000,117.3100000,0
USDJPY,W,20060828,00:00:00,117.2100000,117.5500000,116.4900000,117.1100000,0
USDJPY,W,20060904,00:00:00,117.0800000,117.1400000,115.5200000,116.9600000,0
USDJPY,W,20060911,00:00:00,116.8800000,118.2000000,116.5800000,117.5800000,0
USDJPY,W,20060918,00:00:00,117.2400000,118.3300000,116.0400000,116.5600000,0
USDJPY,W,20060925,00:00:00,116.5300000,118.2600000,116.0800000,118.2100000,0
USDJPY,W,20061002,00:00:00,117.8000000,119.1800000,117.3300000,119.0300000,0
USDJPY,W,20061009,00:00:00,118.9400000,119.9500000,118.7900000,119.6500000,0
USDJPY,W,20061016,00:00:00,119.6800000,119.8500000,118.0200000,118.7600000,0
USDJPY,W,20061023,00:00:00,118.7300000,119.7200000,117.1200000,117.5800000,0
USDJPY,W,20061030,00:00:00,117.4500000,118.2600000,116.5500000,118.0300000,0
USDJPY,W,20061106,00:00:00,118.0700000,118.6300000,117.1600000,117.6500000,0
USDJPY,W,20061113,00:00:00,117.5300000,118.5200000,117.1000000,117.7700000,0
USDJPY,W,20061120,00:00:00,117.8400000,118.3000000,115.5500000,115.9200000,0
USDJPY,W,20061127,00:00:00,115.5500000,116.6000000,114.9500000,115.4700000,0
USDJPY,W,20061204,00:00:00,115.4500000,116.5200000,114.4100000,116.3400000,0
USDJPY,W,20061211,00:00:00,116.6900000,118.3800000,116.4900000,118.1600000,0
USDJPY,W,20061218,00:00:00,117.9300000,119.0000000,117.6300000,118.9000000,0
USDJPY,W,20061225,00:00:00,118.8800000,119.2600000,118.2600000,119.1200000,0
USDJPY,W,20070101,00:00:00,119.0000000,119.7200000,117.9500000,118.6300000,0
USDJPY,W,20070108,00:00:00,118.6500000,120.7700000,118.0800000,120.3400000,0
USDJPY,W,20070115,00:00:00,120.4200000,121.6200000,120.0400000,121.2500000,0
USDJPY,W,20070122,00:00:00,121.2100000,121.8400000,120.1700000,121.5500000,0
USDJPY,W,20070129,00:00:00,121.4600000,122.2300000,120.0800000,121.1500000,0
USDJPY,W,20070205,00:00:00,121.0800000,121.7900000,119.9500000,121.7200000,0
USDJPY,W,20070212,00:00:00,121.8100000,122.1200000,118.9600000,119.4500000,0
USDJPY,W,20070219,00:00:00,119.4000000,121.6900000,119.2000000,121.1000000,0
USDJPY,W,20070226,00:00:00,119.6300000,121.1300000,116.4000000,116.8200000,0
USDJPY,W,20070305,00:00:00,116.7400000,118.4200000,115.1300000,118.3600000,0
USDJPY,W,20070312,00:00:00,118.3200000,118.5400000,115.7400000,116.7400000,0
USDJPY,W,20070319,00:00:00,116.4300000,118.3500000,116.2300000,118.1400000,0
USDJPY,W,20070326,00:00:00,118.0600000,118.4800000,116.3500000,117.8400000,0
USDJPY,W,20070402,00:00:00,117.5500000,119.4400000,117.4300000,119.2900000,0
USDJPY,W,20070409,00:00:00,119.2500000,119.6000000,118.1700000,119.2700000,0
USDJPY,W,20070416,00:00:00,119.3800000,119.9200000,117.6100000,118.7000000,0
USDJPY,W,20070423,00:00:00,118.7300000,119.8100000,118.2000000,119.6500000,0
USDJPY,W,20070430,00:00:00,120.1000000,120.5100000,119.0800000,120.1900000,0
USDJPY,W,20070507,00:00:00,120.0600000,120.5900000,119.4400000,120.2100000,0
USDJPY,W,20070514,00:00:00,120.2400000,121.4400000,120.0200000,121.1300000,0
USDJPY,W,20070521,00:00:00,121.1000000,121.9200000,120.8300000,121.8000000,0
USDJPY,W,20070528,00:00:00,121.7300000,122.1600000,121.1200000,121.6500000,0
USDJPY,W,20070604,00:00:00,121.5300000,121.9900000,120.7400000,121.7100000,0
USDJPY,W,20070611,00:00:00,121.7400000,123.7200000,121.4700000,123.4700000,0
USDJPY,W,20070618,00:00:00,123.4500000,124.1700000,123.0500000,123.9000000,0
USDJPY,W,20070625,00:00:00,123.7800000,124.0000000,122.2600000,123.1900000,0
USDJPY,W,20070702,00:00:00,123.1600000,123.5900000,122.0700000,123.3600000,0
USDJPY,W,20070709,00:00:00,123.3800000,123.7200000,120.9500000,121.9400000,0
USDJPY,W,20070716,00:00:00,121.9300000,122.4900000,120.8400000,121.2700000,0
USDJPY,W,20070723,00:00:00,121.5700000,121.7200000,117.9900000,118.6300000,0
USDJPY,W,20070730,00:00:00,118.8900000,119.5400000,117.5600000,118.0600000,0
USDJPY,W,20070806,00:00:00,117.5800000,119.8800000,117.1600000,118.4100000,0
USDJPY,W,20070813,00:00:00,118.2100000,118.6000000,111.5700000,114.3800000,0
USDJPY,W,20070820,00:00:00,114.2000000,117.1700000,113.6500000,116.4000000,0
USDJPY,W,20070827,00:00:00,116.3700000,116.7800000,113.8300000,115.7800000,0
USDJPY,W,20070903,00:00:00,115.7300000,116.5200000,113.1000000,112.9800000,0
USDJPY,W,20070910,00:00:00,112.9500000,115.5400000,112.5700000,115.3100000,0
USDJPY,W,20070917,00:00:00,115.2800000,116.3800000,113.9600000,115.3200000,0
USDJPY,W,20070924,00:00:00,115.3300000,115.8900000,114.0000000,114.6700000,0
USDJPY,W,20071001,00:00:00,114.6700000,117.2800000,114.6600000,116.9700000,0
USDJPY,W,20071008,00:00:00,117.1000000,117.7900000,116.8100000,117.5400000,0
USDJPY,W,20071015,00:00:00,117.5300000,117.9500000,114.3400000,114.1000000,0
USDJPY,W,20071022,00:00:00,114.1000000,115.0400000,113.2300000,114.1400000,0
USDJPY,W,20071029,00:00:00,114.1300000,115.9300000,114.0000000,114.7300000,0
USDJPY,W,20071105,00:00:00,114.7300000,114.9600000,110.4800000,110.4100000,0
USDJPY,W,20071112,00:00:00,110.4100000,111.7600000,109.1000000,110.8500000,0
USDJPY,W,20071119,00:00:00,110.8600000,111.5000000,107.5100000,108.2300000,0
USDJPY,W,20071126,00:00:00,108.2400000,111.2500000,107.1900000,111.0300000,0
USDJPY,W,20071203,00:00:00,111.0300000,111.7900000,109.5200000,111.5000000,0
USDJPY,W,20071210,00:00:00,111.4900000,113.5900000,110.4600000,113.3100000,0
USDJPY,W,20071217,00:00:00,113.3400000,114.2100000,112.7100000,113.9600000,0
USDJPY,W,20071224,00:00:00,113.9500000,114.6600000,112.2400000,112.4300000,0
USDJPY,W,20071231,00:00:00,112.4400000,112.6700000,107.8700000,108.3900000,0
USDJPY,W,20080107,00:00:00,108.4100000,110.1200000,108.3700000,108.6600000,0
USDJPY,W,20080114,00:00:00,108.6600000,108.9800000,105.8900000,106.7300000,0
USDJPY,W,20080121,00:00:00,106.7400000,107.8900000,104.9300000,106.6700000,0
USDJPY,W,20080128,00:00:00,106.6800000,107.4700000,105.6700000,106.4500000,0
USDJPY,W,20080204,00:00:00,106.4800000,107.8200000,105.8800000,107.3100000,0
USDJPY,W,20080211,00:00:00,107.2900000,108.6100000,106.2900000,107.8400000,0
USDJPY,W,20080218,00:00:00,107.8600000,108.3600000,106.6900000,107.3100000,0
USDJPY,W,20080225,00:00:00,107.3000000,108.2200000,103.6200000,103.6100000,0
USDJPY,W,20080303,00:00:00,103.6000000,104.1900000,101.4000000,102.4800000,0
USDJPY,W,20080310,00:00:00,102.5100000,103.5900000,98.8700000,99.1000000,0
USDJPY,W,20080317,00:00:00,99.0400000,100.4500000,95.7100000,99.4000000,0
USDJPY,W,20080324,00:00:00,99.4000000,101.0400000,98.5400000,99.2300000,0
USDJPY,W,20080331,00:00:00,99.2200000,102.9500000,98.7900000,101.5400000,0
USDJPY,W,20080407,00:00:00,101.5400000,102.8500000,99.9900000,101.4900000,0
USDJPY,W,20080414,00:00:00,101.4400000,104.6500000,100.2600000,103.8000000,0
USDJPY,W,20080421,00:00:00,103.8100000,104.8200000,102.6500000,104.4900000,0
USDJPY,W,20080428,00:00:00,104.4900000,105.7100000,103.1900000,105.1400000,0
USDJPY,W,20080505,00:00:00,105.1800000,105.6200000,102.5500000,102.9600000,0
USDJPY,W,20080512,00:00:00,102.9900000,105.4400000,102.5500000,104.0400000,0
USDJPY,W,20080519,00:00:00,104.0200000,104.6900000,102.7000000,103.2600000,0
USDJPY,W,20080526,00:00:00,103.2300000,105.8800000,103.1000000,105.1200000,0
USDJPY,W,20080602,00:00:00,105.1200000,106.4300000,103.8500000,104.6300000,0
USDJPY,W,20080609,00:00:00,104.6800000,108.3900000,104.3900000,107.9500000,0
USDJPY,W,20080616,00:00:00,107.9600000,108.5900000,107.0900000,107.2000000,0
USDJPY,W,20080623,00:00:00,107.2100000,108.4300000,105.8300000,106.1400000,0
USDJPY,W,20080630,00:00:00,106.1500000,106.9300000,104.9500000,106.7100000,0
USDJPY,W,20080707,00:00:00,106.7800000,107.7600000,105.6300000,106.1100000,0
USDJPY,W,20080714,00:00:00,106.1000000,107.0900000,103.7500000,106.9200000,0
USDJPY,W,20080721,00:00:00,106.9000000,107.9900000,105.9800000,107.7600000,0
USDJPY,W,20080728,00:00:00,107.7900000,108.3800000,107.2600000,107.6600000,0
USDJPY,W,20080804,00:00:00,108.0100000,110.3700000,107.6100000,110.1900000,0
USDJPY,W,20080811,00:00:00,110.1700000,110.6700000,108.3500000,110.4300000,0
USDJPY,W,20080818,00:00:00,110.4800000,110.5600000,108.1100000,110.0700000,0
USDJPY,W,20080825,00:00:00,110.0500000,110.2900000,108.4000000,108.5100000,0
USDJPY,W,20080901,00:00:00,108.4600000,109.1800000,105.5100000,108.4600000,330004
USDJPY,W,20080908,00:00:00,108.5500000,109.0800000,106.0500000,105.5100000,0
USDJPY,W,20080915,00:00:00,105.5200000,108.0300000,103.5200000,106.8400000,0
USDJPY,W,20080922,00:00:00,106.8500000,107.4600000,105.0000000,105.7400000,0
USDJPY,W,20080929,00:00:00,105.7300000,106.9700000,103.4800000,104.7600000,0
USDJPY,W,20081006,00:00:00,104.8300000,105.3700000,97.8800000,100.7100000,0
USDJPY,W,20081013,00:00:00,100.7300000,103.0700000,99.2400000,101.5600000,0
USDJPY,W,20081020,00:00:00,101.5900000,102.4200000,90.8600000,93.5400000,0
USDJPY,W,20081027,00:00:00,93.5300000,99.7100000,91.8500000,98.5000000,0
USDJPY,W,20081103,00:00:00,98.5300000,100.5700000,96.7200000,99.1100000,0
USDJPY,W,20081110,00:00:00,99.1400000,99.4600000,94.4400000,96.1100000,0
USDJPY,W,20081117,00:00:00,96.1300000,97.5400000,93.5300000,95.8500000,0
USDJPY,W,20081124,00:00:00,95.8600000,97.4200000,94.5800000,95.4600000,0
USDJPY,W,20081201,00:00:00,95.4200000,95.6600000,91.5700000,92.7300000,0
USDJPY,W,20081208,00:00:00,92.7100000,93.9100000,88.1400000,91.4300000,0
USDJPY,W,20081215,00:00:00,91.4700000,91.9800000,87.1000000,89.1400000,0
USDJPY,W,20081222,00:00:00,89.1500000,91.3000000,89.0600000,90.6000000,0
USDJPY,W,20081229,00:00:00,90.6200000,92.4200000,89.4600000,92.0500000,0
USDJPY,W,20090105,00:00:00,92.0500000,94.6400000,90.1300000,90.1300000,239
USDJPY,W,20090112,00:00:00,90.1600000,90.9200000,88.4500000,90.9500000,79117
USDJPY,W,20090119,00:00:00,90.9000000,91.3000000,87.1000000,88.7300000,83
USDJPY,W,20090126,00:00:00,88.7800000,90.7400000,88.2300000,90.0000000,0
USDJPY,W,20090202,00:00:00,90.0300000,92.2500000,88.5700000,91.7900000,0
USDJPY,W,20090209,00:00:00,91.7900000,92.4200000,89.6800000,91.5700000,0
USDJPY,W,20090216,00:00:00,91.5500000,94.4600000,91.1200000,93.5100000,0
USDJPY,W,20090223,00:00:00,93.5300000,98.7100000,92.7400000,97.5500000,0
USDJPY,W,20090302,00:00:00,97.5300000,99.6800000,96.5500000,98.3000000,0
USDJPY,W,20090309,00:00:00,98.3000000,99.1800000,95.6400000,98.0600000,0
USDJPY,W,20090316,00:00:00,98.0700000,98.9700000,93.5300000,95.5900000,0
USDJPY,W,20090323,00:00:00,95.5900000,98.8700000,95.4000000,97.9400000,0
USDJPY,W,20090330,00:00:00,97.9600000,100.3900000,96.0000000,100.0200000,0
USDJPY,W,20090406,00:00:00,100.0400000,101.4500000,99.3200000,100.2600000,541
USDJPY,W,20090413,00:00:00,100.2900000,100.7400000,98.1300000,99.1100000,0
USDJPY,W,20090420,00:00:00,99.1100000,99.4100000,96.6000000,97.0700000,115659
USDJPY,W,20090427,00:00:00,97.1200000,99.5900000,95.6000000,99.2600000,0
USDJPY,W,20090504,00:00:00,99.2500000,99.7700000,97.9200000,98.6600000,0
USDJPY,W,20090511,00:00:00,98.6300000,98.8300000,94.7100000,94.7400000,20890
USDJPY,W,20090518,00:00:00,94.7900000,96.7000000,93.8100000,94.5100000,0
USDJPY,W,20090525,00:00:00,94.5400000,97.2400000,94.3900000,95.3200000,0
USDJPY,W,20090601,00:00:00,94.8200000,98.8900000,94.4100000,98.7300000,0
USDJPY,W,20090608,00:00:00,98.7100000,98.8700000,97.0600000,98.2900000,0
USDJPY,W,20090615,00:00:00,98.2700000,98.5800000,95.4900000,96.1400000,0
USDJPY,W,20090622,00:00:00,96.2500000,96.5700000,94.8500000,95.2000000,0
USDJPY,W,20090629,00:00:00,95.2200000,96.9800000,95.0600000,96.1600000,0
USDJPY,W,20090706,00:00:00,96.2200000,96.2400000,91.7500000,92.4900000,0
USDJPY,W,20090713,00:00:00,92.4900000,94.4600000,91.7000000,94.2500000,0
USDJPY,W,20090720,00:00:00,94.2500000,95.3000000,93.0500000,94.8700000,0
USDJPY,W,20090727,00:00:00,94.8700000,95.8900000,93.9900000,94.7400000,0
USDJPY,W,20090803,00:00:00,94.6900000,97.7800000,94.3400000,97.5900000,0
USDJPY,W,20090810,00:00:00,97.6100000,97.7400000,94.4000000,94.8200000,0
USDJPY,W,20090817,00:00:00,94.7300000,95.3000000,93.4100000,94.2900000,0
USDJPY,W,20090824,00:00:00,94.2900000,95.0600000,93.1900000,93.3000000,0
USDJPY,W,20090831,00:00:00,93.2900000,93.6300000,91.9200000,93.0000000,0
USDJPY,W,20090907,00:00:00,93.0000000,93.3000000,90.1900000,90.3300000,0
USDJPY,W,20090914,00:00:00,90.3500000,91.6400000,90.1000000,91.3700000,0
USDJPY,W,20090921,00:00:00,91.3700000,92.5300000,89.4800000,89.7000000,41
USDJPY,W,20090928,00:00:00,89.6900000,90.4100000,88.2200000,89.7600000,224851
USDJPY,W,20091005,00:00:00,89.7300000,89.9800000,87.9800000,89.4600000,0
USDJPY,W,20091012,00:00:00,89.4200000,91.3200000,88.8100000,90.9200000,0
USDJPY,W,20091019,00:00:00,90.9200000,92.1400000,90.0500000,92.1200000,0
USDJPY,W,20091026,00:00:00,92.1400000,92.3300000,89.9000000,89.6800000,0
USDJPY,W,20091102,00:00:00,89.6900000,91.3100000,89.1700000,89.9500000,0
USDJPY,W,20091109,00:00:00,89.9600000,90.6100000,89.2600000,89.4500000,0
USDJPY,W,20091116,00:00:00,89.5200000,89.7400000,88.6100000,88.8000000,0
USDJPY,W,20091123,00:00:00,88.8200000,89.1900000,84.7900000,86.9600000,0
USDJPY,W,20091130,00:00:00,86.9700000,90.7700000,85.8300000,90.3200000,66293
USDJPY,W,20091207,00:00:00,90.3200000,90.5400000,87.3400000,88.9500000,78093
USDJPY,W,20091214,00:00:00,88.9700000,90.9100000,88.2800000,90.2500000,0
USDJPY,W,20091221,00:00:00,90.2600000,91.8700000,90.1200000,91.3600000,0
USDJPY,W,20091228,00:00:00,91.4600000,93.1400000,91.1800000,92.9200000,0
USDJPY,W,20100104,00:00:00,92.9000000,93.7800000,91.2300000,92.3800000,0
USDJPY,W,20100111,00:00:00,92.3800000,92.6800000,90.5600000,90.7600000,0
USDJPY,W,20100118,00:00:00,90.7800000,91.8700000,89.7000000,90.2500000,0
USDJPY,W,20100125,00:00:00,90.2500000,90.9200000,89.0900000,90.0000000,0
USDJPY,W,20100201,00:00:00,90.0100000,91.2800000,88.5400000,89.3800000,0
USDJPY,W,20100208,00:00:00,89.3700000,90.4200000,89.1000000,90.0400000,0
USDJPY,W,20100215,00:00:00,90.0300000,92.1500000,89.6800000,91.4900000,0
USDJPY,W,20100222,00:00:00,91.4800000,91.9100000,88.7100000,88.8600000,0
USDJPY,W,20100301,00:00:00,88.8300000,90.5900000,88.1000000,90.4100000,0
USDJPY,W,20100308,00:00:00,90.4100000,91.0800000,89.5900000,90.8100000,0
USDJPY,W,20100315,00:00:00,90.8300000,90.9600000,89.7300000,90.5000000,0
USDJPY,W,20100322,00:00:00,90.4800000,92.9500000,89.8000000,92.2400000,0
USDJPY,W,20100329,00:00:00,92.2300000,94.6900000,92.0100000,94.5800000,0
USDJPY,W,20100405,00:00:00,94.5400000,94.7800000,92.7900000,93.0200000,0
USDJPY,W,20100412,00:00:00,93.0100000,93.7200000,91.8700000,91.8400000,0
USDJPY,W,20100419,00:00:00,91.8400000,94.3200000,91.5700000,93.9800000,0
USDJPY,W,20100426,00:00:00,93.9900000,94.6000000,92.7900000,93.8100000,0
USDJPY,W,20100503,00:00:00,93.9900000,94.9800000,88.1400000,92.4300000,0
USDJPY,W,20100510,00:00:00,92.4200000,93.6400000,91.6200000,92.2700000,0
USDJPY,W,20100517,00:00:00,92.2600000,92.9600000,88.9800000,90.6500000,0
USDJPY,W,20100524,00:00:00,90.6100000,91.4100000,89.2300000,90.8600000,0
USDJPY,W,20100531,00:00:00,90.8600000,92.8800000,90.5100000,91.6500000,0
USDJPY,W,20100607,00:00:00,91.6400000,92.0800000,90.8100000,91.8400000,0
USDJPY,W,20100614,00:00:00,91.8600000,92.1100000,90.4100000,90.4100000,0
USDJPY,W,20100621,00:00:00,90.3500000,91.4700000,89.1000000,89.2500000,0
USDJPY,W,20100628,00:00:00,89.2300000,89.4700000,86.9500000,87.7000000,8
USDJPY,W,20100705,00:00:00,87.7000000,88.7000000,86.9800000,88.7300000,104010
USDJPY,W,20100712,00:00:00,88.7600000,89.1500000,86.2300000,86.4600000,202629
USDJPY,W,20100719,00:00:00,86.4400000,87.5700000,86.3000000,87.6800000,0
USDJPY,W,20100726,00:00:00,87.6600000,88.1200000,85.9300000,86.2300000,0
USDJPY,W,20100802,00:00:00,86.2100000,86.8800000,84.9900000,85.2500000,0
USDJPY,W,20100809,00:00:00,85.2600000,86.3700000,84.7100000,86.1000000,0
USDJPY,W,20100816,00:00:00,86.1100000,86.2800000,84.8500000,85.5400000,0
USDJPY,W,20100823,00:00:00,85.5700000,85.7100000,83.5700000,85.3600000,0
USDJPY,W,20100830,00:00:00,85.4000000,85.9000000,83.6500000,84.1200000,0
USDJPY,W,20100906,00:00:00,84.1100000,84.4900000,83.3100000,84.3400000,0
USDJPY,W,20100913,00:00:00,84.3100000,85.9300000,82.8300000,85.6800000,0
USDJPY,W,20100920,00:00:00,85.6800000,85.8500000,84.0800000,84.2800000,0
USDJPY,W,20100927,00:00:00,84.3000000,84.3900000,83.1200000,83.2300000,0
USDJPY,W,20101004,00:00:00,83.2600000,83.9900000,81.7000000,81.9500000,0
USDJPY,W,20101011,00:00:00,81.9800000,82.3600000,80.8500000,81.3900000,0
USDJPY,W,20101018,00:00:00,81.3900000,81.9200000,80.8200000,81.2200000,0
USDJPY,W,20101025,00:00:00,81.2200000,81.9800000,80.3100000,80.2800000,0
USDJPY,W,20101101,00:00:00,80.3000000,81.5800000,80.1900000,81.2400000,0
USDJPY,W,20101108,00:00:00,81.2500000,82.8000000,80.5000000,82.4400000,0
USDJPY,W,20101115,00:00:00,82.4500000,83.7900000,82.3500000,83.3900000,0
USDJPY,W,20101122,00:00:00,83.4400000,84.1800000,82.7400000,83.8700000,0
USDJPY,W,20101129,00:00:00,83.9000000,84.4000000,82.4500000,82.6300000,35086
USDJPY,W,20101206,00:00:00,82.6200000,84.3000000,82.2900000,83.9500000,0
USDJPY,W,20101213,00:00:00,84.1100000,84.5100000,82.8000000,84.0300000,0
USDJPY,W,20101220,00:00:00,84.0500000,84.1200000,82.8200000,82.7900000,0
USDJPY,W,20101227,00:00:00,82.8400000,82.9800000,80.9000000,81.3200000,0
USDJPY,W,20110103,00:00:00,81.3100000,83.6800000,80.9000000,83.2100000,0
USDJPY,W,20110110,00:00:00,83.1600000,83.4900000,82.3700000,82.7400000,0
USDJPY,W,20110117,00:00:00,82.7400000,83.1200000,81.8100000,82.6500000,0
USDJPY,W,20110124,00:00:00,82.6400000,83.2100000,81.9500000,82.0100000,0
USDJPY,W,20110131,00:00:00,82.0000000,82.4700000,81.0800000,82.2300000,0
USDJPY,W,20110207,00:00:00,82.2300000,83.6700000,81.7400000,83.4600000,0
USDJPY,W,20110214,00:00:00,83.4600000,83.9800000,82.9900000,83.0300000,0
USDJPY,W,20110221,00:00:00,83.0100000,83.5400000,81.5800000,81.6800000,0
USDJPY,W,20110228,00:00:00,81.7000000,83.0700000,81.5400000,82.3100000,0
USDJPY,W,20110307,00:00:00,82.2900000,83.3000000,81.6300000,81.9400000,0
USDJPY,W,20110314,00:00:00,82.0800000,82.2200000,76.4300000,80.8400000,0
USDJPY,W,20110321,00:00:00,80.8700000,81.4900000,80.5900000,81.3900000,0
USDJPY,W,20110328,00:00:00,81.3800000,84.7300000,81.2900000,84.0600000,0
USDJPY,W,20110404,00:00:00,84.0900000,85.5200000,83.8100000,84.9500000,0
USDJPY,W,20110411,00:00:00,84.9500000,85.1600000,82.9200000,83.0900000,0
USDJPY,W,20110418,00:00:00,83.1100000,83.2600000,81.5900000,81.8100000,0
USDJPY,W,20110425,00:00:00,81.8300000,82.7900000,81.0100000,81.1900000,0
USDJPY,W,20110502,00:00:00,81.1400000,81.6900000,79.5400000,80.5200000,0
USDJPY,W,20110509,00:00:00,80.5600000,81.3400000,80.1300000,80.7900000,141537
USDJPY,W,20110516,00:00:00,80.7800000,82.2300000,80.6100000,81.7500000,0
USDJPY,W,20110523,00:00:00,81.7500000,82.2100000,80.6700000,80.7500000,0
USDJPY,W,20110530,00:00:00,80.7500000,81.7700000,80.0200000,80.1800000,0
USDJPY,W,20110606,00:00:00,80.1800000,80.4600000,79.6700000,80.2500000,0
USDJPY,W,20110613,00:00:00,80.2500000,81.0600000,79.9700000,80.1100000,0
USDJPY,W,20110620,00:00:00,80.1200000,80.8000000,79.9800000,80.3200000,0
USDJPY,W,20110627,00:00:00,80.3000000,81.2700000,80.2200000,80.8400000,0
USDJPY,W,20110704,00:00:00,80.8500000,81.4800000,80.4800000,80.6100000,0
USDJPY,W,20110711,00:00:00,80.6100000,80.8300000,78.4400000,79.0400000,0
USDJPY,W,20110718,00:00:00,79.0900000,79.3200000,78.1900000,78.1600000,0
USDJPY,W,20110725,00:00:00,78.1300000,78.7000000,76.6900000,77.1700000,0
USDJPY,W,20110801,00:00:00,77.1800000,80.2400000,76.2700000,77.9200000,97846
USDJPY,W,20110808,00:00:00,77.8800000,78.4600000,76.2800000,76.8200000,3260
USDJPY,W,20110815,00:00:00,76.8200000,77.0900000,75.9300000,76.6500000,0
USDJPY,W,20110822,00:00:00,76.6400000,77.6900000,76.4300000,76.7500000,0
USDJPY,W,20110829,00:00:00,76.7600000,77.2400000,76.4000000,76.8200000,0
USDJPY,W,20110905,00:00:00,76.8200000,77.8600000,76.6500000,77.3500000,0
USDJPY,W,20110912,00:00:00,77.3500000,77.5900000,76.5100000,76.9200000,0
USDJPY,W,20110919,00:00:00,76.9200000,76.9900000,76.0700000,76.4300000,0
USDJPY,W,20110926,00:00:00,76.4500000,77.2000000,76.1900000,77.0100000,0
USDJPY,W,20111003,00:00:00,77.0300000,77.2700000,76.4700000,76.7100000,0
USDJPY,W,20111010,00:00:00,76.7300000,77.4900000,76.2900000,77.0300000,0
USDJPY,W,20111017,00:00:00,77.0100000,77.4500000,75.7600000,76.2400000,0
USDJPY,W,20111024,00:00:00,76.2900000,76.4800000,75.6300000,75.8100000,0
USDJPY,W,20111031,00:00:00,75.5800000,79.5300000,75.5400000,78.1600000,0
USDJPY,W,20111107,00:00:00,78.1500000,78.2300000,77.0200000,77.0800000,0
USDJPY,W,20111114,00:00:00,77.0800000,77.5000000,76.5300000,76.7100000,0
USDJPY,W,20111121,00:00:00,76.7100000,77.7900000,76.7000000,77.5800000,0
USDJPY,W,20111128,00:00:00,77.5800000,78.2800000,77.2700000,78.0000000,0
USDJPY,W,20111205,00:00:00,78.0000000,78.1100000,77.1000000,77.6600000,0
USDJPY,W,20111212,00:00:00,77.6600000,78.1600000,77.4900000,77.7500000,0
USDJPY,W,20111219,00:00:00,77.7600000,78.2200000,77.6400000,78.0700000,0
USDJPY,W,20111226,00:00:00,78.0300000,78.1200000,76.8400000,76.8900000,0
USDJPY,W,20120102,00:00:00,76.8300000,77.3300000,76.5600000,76.8400000,0
USDJPY,W,20120109,00:00:00,76.8600000,77.0400000,76.6200000,76.9600000,0
USDJPY,W,20120116,00:00:00,76.9300000,77.3200000,76.5000000,76.9600000,0
USDJPY,W,20120123,00:00:00,76.9400000,78.2800000,76.6100000,76.6800000,0
USDJPY,W,20120130,00:00:00,76.6900000,76.7800000,76.0000000,76.5500000,0
USDJPY,W,20120206,00:00:00,76.5900000,77.8100000,76.4600000,77.5700000,13462
USDJPY,W,20120213,00:00:00,77.5700000,79.6200000,77.3200000,79.6100000,0
USDJPY,W,20120220,00:00:00,79.6100000,81.2100000,79.3300000,81.2600000,0
USDJPY,W,20120227,00:00:00,81.2800000,81.8700000,79.9800000,81.7900000,0
USDJPY,W,20120305,00:00:00,81.7700000,82.6400000,80.5400000,82.4800000,0
USDJPY,W,20120312,00:00:00,82.4800000,84.1800000,81.9300000,83.3400000,0
USDJPY,W,20120319,00:00:00,83.3600000,84.0900000,81.9500000,82.3300000,0
USDJPY,W,20120326,00:00:00,82.4400000,83.3900000,81.8000000,82.8400000,0
USDJPY,W,20120402,00:00:00,82.9900000,83.3000000,81.2900000,81.6300000,0
USDJPY,W,20120409,00:00:00,81.4900000,81.8600000,80.5500000,80.9100000,0
USDJPY,W,20120416,00:00:00,80.8500000,81.7800000,80.2700000,81.5100000,0
USDJPY,W,20120423,00:00:00,81.5500000,81.7000000,80.1700000,80.2500000,0
USDJPY,W,20120430,00:00:00,80.2900000,80.6100000,79.6000000,79.8300000,0
USDJPY,W,20120507,00:00:00,79.8200000,80.0800000,79.4000000,79.9100000,0
USDJPY,W,20120514,00:00:00,79.9400000,80.5500000,78.9300000,79.0600000,0
USDJPY,W,20120521,00:00:00,79.0200000,80.1500000,79.0000000,79.6700000,0
USDJPY,W,20120528,00:00:00,79.6200000,79.7200000,77.6200000,78.0700000,0
USDJPY,W,20120604,00:00:00,78.0800000,79.7900000,77.9400000,79.6900000,0
USDJPY,W,20120611,00:00:00,79.6300000,79.7500000,78.5700000,78.7500000,0
USDJPY,W,20120618,00:00:00,78.7700000,80.5700000,78.6100000,80.4600000,0
USDJPY,W,20120625,00:00:00,80.4300000,80.6200000,79.1200000,79.7500000,0
USDJPY,W,20120702,00:00:00,79.7500000,80.0900000,79.2700000,79.5700000,0
USDJPY,W,20120709,00:00:00,79.5700000,79.9500000,79.0500000,79.2100000,0
USDJPY,W,20120716,00:00:00,79.2100000,79.2800000,78.4000000,78.4200000,0
USDJPY,W,20120723,00:00:00,78.4100000,78.6800000,77.9200000,78.4500000,0
USDJPY,W,20120730,00:00:00,78.4400000,78.7700000,77.8900000,78.4500000,82239
USDJPY,W,20120806,00:00:00,78.4500000,78.7900000,78.1000000,78.2600000,0
USDJPY,W,20120813,00:00:00,78.2200000,79.5800000,78.1200000,79.5300000,0
USDJPY,W,20120820,00:00:00,79.5300000,79.6600000,78.2700000,78.6300000,0
USDJPY,W,20120827,00:00:00,78.6400000,78.8400000,78.1600000,78.3200000,0
USDJPY,W,20120903,00:00:00,78.3100000,79.0300000,77.9800000,78.1800000,0
USDJPY,W,20120910,00:00:00,78.2500000,78.3900000,77.1000000,78.3600000,0
USDJPY,W,20120917,00:00:00,78.3700000,79.2200000,77.9900000,78.1100000,0
USDJPY,W,20120924,00:00:00,78.1100000,78.2000000,77.3900000,77.9500000,0
USDJPY,W,20121001,00:00:00,77.9400000,78.8700000,77.7500000,78.6600000,0
USDJPY,W,20121008,00:00:00,78.6300000,78.7600000,77.9100000,78.4300000,0
USDJPY,W,20121015,00:00:00,78.4300000,79.4600000,78.3000000,79.2400000,0
USDJPY,W,20121022,00:00:00,79.2500000,80.3800000,79.1700000,79.6200000,0
USDJPY,W,20121029,00:00:00,79.6100000,80.6700000,79.2400000,80.4300000,0
USDJPY,W,20121105,00:00:00,80.4300000,80.5600000,79.0400000,79.4500000,0
USDJPY,W,20121112,00:00:00,79.4500000,81.4600000,79.1700000,81.3500000,0
USDJPY,W,20121119,00:00:00,81.3300000,82.8400000,81.0500000,82.3600000,0
USDJPY,W,20121126,00:00:00,82.3400000,82.7500000,81.6600000,82.3600000,0
USDJPY,W,20121203,00:00:00,82.3600000,82.8300000,81.6800000,82.4700000,0
USDJPY,W,20121210,00:00:00,82.4400000,83.9600000,82.0700000,83.4100000,0
USDJPY,W,20121217,00:00:00,83.5000000,84.6200000,83.4100000,84.3400000,0
USDJPY,W,20121224,00:00:00,84.3600000,86.6400000,84.1900000,85.8600000,0
USDJPY,W,20121231,00:00:00,85.8700000,88.4100000,85.6000000,88.1400000,0
USDJPY,W,20130107,00:00:00,88.1200000,89.4500000,86.8000000,89.2700000,0
USDJPY,W,20130114,00:00:00,89.2200000,90.2100000,87.7600000,90.0600000,0
USDJPY,W,20130121,00:00:00,90.0500000,91.1900000,88.0200000,91.0100000,0
USDJPY,W,20130128,00:00:00,91.0100000,92.9600000,90.2800000,92.7500000,0
USDJPY,W,20130204,00:00:00,92.7500000,94.0600000,91.9400000,92.7500000,0
USDJPY,W,20130211,00:00:00,92.7500000,94.4600000,92.1900000,93.6600000,0
USDJPY,W,20130218,00:00:00,93.6600000,94.2200000,92.7400000,94.6800000,0
USDJPY,W,20130225,00:00:00,94.6900000,94.7500000,90.8400000,93.6000000,0
USDJPY,W,20130304,00:00:00,93.6000000,96.5600000,92.8800000,95.9200000,0
USDJPY,W,20130311,00:00:00,95.9600000,96.7100000,95.0400000,95.2600000,0
USDJPY,W,20130318,00:00:00,94.4700000,96.1300000,94.0500000,94.4500000,1
USDJPY,W,20130325,00:00:00,94.4500000,94.9600000,93.5100000,94.2300000,72
USDJPY,W,20130401,00:00:00,94.2200000,97.8300000,92.5300000,98.0100000,7076
USDJPY,W,20130408,00:00:00,98.0100000,99.9500000,97.7900000,98.2200000,24694
USDJPY,W,20130415,00:00:00,98.2000000,99.6900000,95.7700000,99.8000000,22576
USDJPY,W,20130422,00:00:00,99.7900000,99.8800000,97.5200000,97.9100000,1405
USDJPY,W,20130429,00:00:00,97.9230000,99.2700000,96.9700000,99.1130000,1159
USDJPY,W,20130506,00:00:00,99.1000000,101.9800000,98.5500000,101.8100000,510
USDJPY,W,20130513,00:00:00,101.8000000,103.3100000,101.2300000,103.0100000,913
USDJPY,W,20130520,00:00:00,103.0100000,103.7400000,100.6400000,101.2200000,9
USDJPY,W,20130527,00:00:00,101.2310000,102.5500000,100.2000000,100.5600000,382
USDJPY,W,20130603,00:00:00,100.5600000,100.7500000,94.9400000,97.7500000,10
USDJPY,W,20130610,00:00:00,97.7500000,99.3100000,93.7700000,94.2000000,7048
USDJPY,W,20130617,00:00:00,94.2100000,98.3200000,94.0600000,97.8400000,7908
USDJPY,W,20130624,00:00:00,97.8500000,99.4800000,96.9400000,99.1700000,6762
USDJPY,W,20130701,00:00:00,99.2000000,101.2200000,99.1300000,101.2100000,4284
USDJPY,W,20130708,00:00:00,101.1600000,101.5500000,98.2200000,99.2700000,11359
USDJPY,W,20130715,00:00:00,99.2700000,100.8600000,98.8600000,100.2900000,306
USDJPY,W,20130722,00:00:00,100.3000000,100.7100000,97.9300000,98.0350000,2787
USDJPY,W,20130729,00:00:00,98.0200000,99.9500000,97.5500000,98.9300000,17450
USDJPY,W,20130805,00:00:00,98.8900000,99.1500000,95.7700000,96.1600000,6910
USDJPY,W,20130812,00:00:00,96.1400000,98.6500000,95.9000000,97.5570000,4889
USDJPY,W,20130819,00:00:00,97.5500000,99.1500000,96.8700000,98.4510000,554
USDJPY,W,20130826,00:00:00,98.4400000,98.8400000,96.7900000,98.4130000,16
USDJPY,W,20130902,00:00:00,98.4100000,100.2200000,98.1670000,99.6220000,674
USDJPY,W,20130909,00:00:00,99.6230000,100.6100000,98.9800000,99.2200000,0
USDJPY,W,20130916,00:00:00,99.2200000,99.6690000,97.7300000,99.1880000,0
USDJPY,W,20130923,00:00:00,99.1940000,99.3610000,98.0600000,97.8470000,0
USDJPY,W,20130930,00:00:00,97.8900000,98.7250000,96.8900000,97.4300000,0
USDJPY,W,20131007,00:00:00,97.2130000,98.5920000,96.5300000,98.1200000,0
USDJPY,W,20131014,00:00:00,98.1150000,99.0040000,97.5200000,97.7500000,0
USDJPY,W,20131021,00:00:00,97.7600000,98.4830000,96.9100000,97.7240000,0
USDJPY,W,20131028,00:00:00,97.7340000,98.8490000,97.4100000,98.7100000,0
USDJPY,W,20131104,00:00:00,98.6980000,99.4090000,97.5900000,99.1830000,0
USDJPY,W,20131111,00:00:00,99.1930000,100.4320000,98.8800000,100.2970000,0
USDJPY,W,20131118,00:00:00,100.3300000,101.3530000,99.5400000,101.2790000,0
USDJPY,W,20131125,00:00:00,101.2640000,102.6100000,101.1000000,102.4650000,0
USDJPY,W,20131202,00:00:00,102.4690000,103.3780000,101.6000000,102.9980000,0
USDJPY,W,20131209,00:00:00,102.9860000,103.9230000,102.1380000,103.2120000,0
USDJPY,W,20131216,00:00:00,103.2250000,104.6360000,102.4700000,103.9730000,0
USDJPY,W,20131223,00:00:00,103.9690000,105.1820000,103.7300000,105.1710000,0
USDJPY,W,20131230,00:00:00,105.1700000,105.4410000,104.0300000,104.8350000,0
USDJPY,W,20140106,00:00:00,104.8190000,105.3550000,103.8100000,103.9220000,0
USDJPY,W,20140113,00:00:00,103.9460000,104.9220000,102.8200000,104.0150000,0
USDJPY,W,20140120,00:00:00,104.0290000,104.8400000,101.9700000,102.4050000,0
USDJPY,W,20140127,00:00:00,102.4000000,103.4400000,101.7100000,101.9270000,0
USDJPY,W,20140203,00:00:00,101.9300000,102.5800000,100.7300000,102.5130000,705508
USDJPY,W,20140210,00:00:00,102.5240000,102.7030000,101.5400000,101.7200000,0
USDJPY,W,20140217,00:00:00,101.7200000,102.8280000,101.3600000,102.4610000,0
USDJPY,W,20140224,00:00:00,102.4590000,102.6800000,101.5300000,101.3980000,0
USDJPY,W,20140303,00:00:00,101.3500000,103.7600000,101.1600000,102.9340000,0
USDJPY,W,20140310,00:00:00,102.9420000,103.4250000,101.1800000,101.2690000,0
USDJPY,W,20140317,00:00:00,101.2810000,102.6820000,101.2080000,102.1180000,0
USDJPY,W,20140324,00:00:00,102.1180000,102.9820000,101.7000000,102.9250000,0
USDJPY,W,20140331,00:00:00,102.9300000,104.1260000,102.7300000,103.2140000,0
USDJPY,W,20140407,00:00:00,103.2140000,103.4100000,101.3000000,101.6380000,0
USDJPY,W,20140414,00:00:00,101.6370000,102.5700000,101.3900000,102.4420000,0
USDJPY,W,20140421,00:00:00,102.4470000,102.7230000,101.9300000,102.2190000,0
USDJPY,W,20140428,00:00:00,102.2170000,103.0190000,102.0000000,102.1600000,0
USDJPY,W,20140505,00:00:00,101.9290000,102.1900000,101.4000000,101.8710000,0
USDJPY,W,20140512,00:00:00,101.8570000,102.3640000,101.2900000,101.5700000,0
USDJPY,W,20140519,00:00:00,101.5520000,102.0050000,100.7980000,101.9820000,0
USDJPY,W,20140526,00:00:00,101.9950000,102.1410000,101.3900000,101.8620000,0
USDJPY,W,20140602,00:00:00,101.8650000,102.7960000,101.7200000,102.4460000,0
USDJPY,W,20140609,00:00:00,102.4510000,102.6490000,101.5700000,102.0450000,0
USDJPY,W,20140616,00:00:00,101.9500000,102.3580000,101.6900000,102.0790000,0
USDJPY,W,20140623,00:00:00,102.0850000,102.1670000,101.2780000,101.3870000,0
USDJPY,W,20140630,00:00:00,101.3870000,102.2660000,101.2100000,101.9900000,0
USDJPY,W,20140707,00:00:00,102.0120000,102.2010000,101.0400000,101.3720000,0
USDJPY,W,20140714,00:00:00,101.3720000,101.7930000,101.0600000,101.3350000,0
USDJPY,W,20140721,00:00:00,101.3280000,101.9380000,101.1600000,101.7740000,0
USDJPY,W,20140728,00:00:00,101.7900000,103.0850000,101.7100000,102.5230000,0
USDJPY,W,20140804,00:00:00,102.5250000,102.9250000,101.4800000,102.1950000,0
USDJPY,W,20140811,00:00:00,102.1630000,102.7160000,101.9800000,102.2900000,0
USDJPY,W,20140818,00:00:00,102.3780000,104.1930000,102.2100000,104.2100000,0
USDJPY,W,20140825,00:00:00,104.2000000,104.4600000,103.5200000,104.1670000,0
USDJPY,W,20140901,00:00:00,104.1630000,105.7060000,104.0230000,104.9260000,0
USDJPY,W,20140908,00:00:00,104.9260000,107.3960000,104.8600000,107.1760000,0
USDJPY,W,20140915,00:00:00,107.1760000,109.4600000,106.7800000,109.0880000,0
USDJPY,W,20140922,00:00:00,109.0720000,109.5390000,108.2300000,109.2120000,0
USDJPY,W,20140929,00:00:00,109.1800000,110.0890000,107.9800000,109.6810000,0
USDJPY,W,20141006,00:00:00,109.6700000,109.8520000,107.4900000,107.5180000,8201
USDJPY,W,20141013,00:00:00,107.5110000,107.6070000,105.1800000,107.1840000,0
USDJPY,W,20141020,00:00:00,107.2120000,108.3520000,106.2200000,108.3500000,0
USDJPY,W,20141027,00:00:00,108.3010000,112.4750000,107.5800000,112.3100000,692081
USDJPY,W,20141103,00:00:00,112.6360000,115.5850000,112.5300000,114.5600000,6708516
USDJPY,W,20141110,00:00:00,114.1210000,116.8250000,113.8300000,116.4260000,6453159
USDJPY,W,20141117,00:00:00,116.4260000,118.9770000,115.4300000,117.7600000,8561884
USDJPY,W,20141124,00:00:00,118.1480000,118.7730000,117.2000000,118.6220000,5954050
USDJPY,W,20141201,00:00:00,118.6530000,121.6880000,117.8400000,121.6200000,7400249
USDJPY,W,20141208,00:00:00,121.6400000,121.8470000,117.4200000,118.5200000,10037553
USDJPY,W,20141215,00:00:00,118.4850000,119.6230000,115.5500000,119.5700000,10789169
USDJPY,W,20141222,00:00:00,119.5700000,120.8260000,119.2900000,120.3460000,4054621
USDJPY,W,20141229,00:00:00,120.3460000,120.7410000,118.8400000,120.3490000,4583575
USDJPY,W,20150105,00:00:00,120.3620000,120.6460000,118.0300000,118.2500000,9687077
USDJPY,W,20150112,00:00:00,118.2640000,119.3200000,115.8300000,117.3560000,9768331
USDJPY,W,20150119,00:00:00,117.3990000,118.8670000,116.9000000,117.5500000,9317693
USDJPY,W,20150126,00:00:00,117.5680000,118.6600000,117.2400000,117.4500000,8942230
USDJPY,W,20150202,00:00:00,116.9500000,119.2210000,116.7600000,119.0290000,8492621
USDJPY,W,20150209,00:00:00,119.0310000,120.4820000,118.3000000,118.2220000,7987320
USDJPY,W,20150216,00:00:00,118.2620000,119.4180000,118.0900000,119.0500000,6745047
USDJPY,W,20150223,00:00:00,119.0640000,119.8380000,118.5900000,119.7480000,6493357
USDJPY,W,20150302,00:00:00,119.7650000,121.2830000,119.3500000,120.8270000,6364633
USDJPY,W,20150309,00:00:00,120.8440000,122.0230000,120.5800000,121.3740000,8374411
USDJPY,W,20150316,00:00:00,121.3740000,121.5190000,119.2770000,119.8600000,7673832
USDJPY,W,20150323,00:00:00,119.8660000,120.1660000,118.3080000,119.2200000,7645692
USDJPY,W,20150330,00:00:00,119.2180000,120.3300000,118.6800000,118.8530000,5948515
USDJPY,W,20150406,00:00:00,118.8660000,120.7380000,118.7600000,120.3240000,5767245
USDJPY,W,20150413,00:00:00,120.3270000,120.8450000,118.5400000,119.0000000,6674273
USDJPY,W,20150420,00:00:00,118.9880000,120.0940000,118.5000000,118.8770000,6438605
USDJPY,W,20150427,00:00:00,118.8720000,120.2880000,118.4740000,120.2300000,6439192
USDJPY,W,20150504,00:00:00,120.1830000,120.5060000,119.0200000,119.6440000,4954241
USDJPY,W,20150511,00:00:00,119.6380000,120.2780000,118.8600000,119.2550000,4477769
USDJPY,W,20150518,00:00:00,119.2140000,121.5710000,119.1910000,121.4830000,4815661
USDJPY,W,20150525,00:00:00,121.4840000,124.4610000,121.4100000,124.0650000,5069820
USDJPY,W,20150601,00:00:00,124.0720000,125.8560000,123.7300000,125.6000000,5638885
USDJPY,W,20150608,00:00:00,125.5790000,125.6810000,122.4400000,123.1810000,5868370
USDJPY,W,20150615,00:00:00,123.1740000,124.4450000,122.4300000,122.9450000,4747564
USDJPY,W,20150622,00:00:00,122.9440000,124.3770000,122.5300000,122.6770000,5609924
USDJPY,W,20150629,00:00:00,122.7280000,123.7210000,121.9200000,121.8660000,7052517
USDJPY,W,20150706,00:00:00,121.9700000,122.9300000,120.3900000,122.1400000,7854876
USDJPY,W,20150713,00:00:00,122.1880000,124.2320000,121.9100000,123.9600000,6043535
USDJPY,W,20150720,00:00:00,124.0480000,124.4770000,123.5400000,123.7350000,5149835
USDJPY,W,20150727,00:00:00,123.7320000,124.5820000,122.9800000,123.8480000,6325099
USDJPY,W,20150803,00:00:00,123.8600000,125.0720000,123.7600000,124.1450000,6103802
USDJPY,W,20150810,00:00:00,124.1500000,125.2800000,123.7600000,124.2100000,6495896
USDJPY,W,20150817,00:00:00,124.2500000,124.5740000,121.7900000,121.8300000,6597152
USDJPY,W,20150824,00:00:00,121.8600000,122.0240000,116.1420000,121.6050000,12388536
USDJPY,W,20150831,00:00:00,121.5970000,121.7400000,118.5760000,118.8900000,9442203
USDJPY,W,20150907,00:00:00,118.8740000,121.3290000,118.7100000,120.5000000,8653615
USDJPY,W,20150914,00:00:00,120.5080000,120.9920000,119.0170000,120.1080000,9101110
USDJPY,W,20150921,00:00:00,120.1160000,121.2360000,119.2000000,120.4880000,10048900
USDJPY,W,20150928,00:00:00,120.5020000,120.6000000,118.6670000,119.9380000,10148249
USDJPY,W,20151005,00:00:00,119.9400000,120.5680000,119.5920000,120.1370000,7611221
USDJPY,W,20151012,00:00:00,120.1350000,120.2630000,118.0350000,119.3500000,7039639
USDJPY,W,20151019,00:00:00,119.3810000,121.4840000,119.1020000,121.4050000,6623291
USDJPY,W,20151026,00:00:00,121.4500000,121.5380000,119.9890000,120.3000000,8737422
USDJPY,W,20151102,00:00:00,120.3100000,123.2680000,120.2220000,123.2160000,7407357
USDJPY,W,20151109,00:00:00,123.2550000,123.6050000,122.4090000,122.3030000,7225942
USDJPY,W,20151116,00:00:00,122.3060000,123.7550000,122.1800000,122.7690000,7091256
USDJPY,W,20151123,00:00:00,122.7910000,123.2600000,122.2210000,122.8180000,6708350
USDJPY,W,20151130,00:00:00,122.8170000,123.6700000,122.2640000,123.1610000,7616756
USDJPY,W,20151207,00:00:00,123.1600000,123.4760000,120.5520000,121.0810000,8537732
USDJPY,W,20151214,00:00:00,121.0800000,123.5740000,120.3090000,121.1450000,9657991
USDJPY,W,20151221,00:00:00,121.1300000,121.5050000,120.0010000,120.2580000,5003421
USDJPY,W,20151228,00:00:00,120.1490000,120.6540000,119.9590000,120.1400000,3779259
USDJPY,W,20160104,00:00:00,120.1430000,120.4650000,117.1900000,117.2140000,11031568
USDJPY,W,20160111,00:00:00,117.2140000,118.3800000,116.4800000,116.7300000,12287589
USDJPY,W,20160118,00:00:00,116.7220000,118.8790000,115.9640000,118.6300000,12205682
USDJPY,W,20160125,00:00:00,118.6290000,121.6890000,117.6270000,121.2240000,11381583
USDJPY,W,20160201,00:00:00,121.2300000,121.5100000,116.2810000,116.8430000,11754254
USDJPY,W,20160208,00:00:00,116.8010000,117.5250000,110.9750000,113.3870000,15649077
USDJPY,W,20160215,00:00:00,113.3600000,114.8760000,112.2690000,112.4600000,12247083
USDJPY,W,20160222,00:00:00,112.4500000,114.0000000,111.0300000,113.8990000,11913448
USDJPY,W,20160229,00:00:00,113.8940000,114.5560000,112.1340000,113.9500000,11198177
USDJPY,W,20160307,00:00:00,113.9640000,114.4450000,112.2000000,113.9200000,10778947
USDJPY,W,20160314,00:00:00,113.9360000,114.1390000,110.6320000,111.5290000,9906712
USDJPY,W,20160321,00:00:00,111.5220000,113.3230000,111.1970000,113.1340000,7661293
USDJPY,W,20160328,00:00:00,113.1600000,113.8030000,111.5530000,111.5810000,7837941
USDJPY,W,20160404,00:00:00,111.6140000,111.8300000,107.6610000,107.9470000,8879185
USDJPY,W,20160411,00:00:00,108.0620000,109.7360000,107.6030000,108.1310000,7311341
USDJPY,W,20160418,00:00:00,108.1860000,111.8080000,107.7300000,111.8490000,6657012
USDJPY,W,20160425,00:00:00,111.8390000,111.8960000,106.2480000,106.1850000,8151785
USDJPY,W,20160502,00:00:00,106.2260000,107.4990000,105.5100000,107.0490000,7326189
USDJPY,W,20160509,00:00:00,107.0820000,109.5540000,106.9810000,108.6200000,7204989
USDJPY,W,20160516,00:00:00,108.6100000,110.5900000,108.4290000,110.1160000,6839034
USDJPY,W,20160523,00:00:00,110.1490000,110.4490000,109.0700000,110.2190000,6148750
USDJPY,W,20160530,00:00:00,110.7880000,111.4500000,106.4600000,106.6450000,7283990
USDJPY,W,20160606,00:00:00,106.5470000,107.9040000,106.2400000,106.8310000,8039906
USDJPY,W,20160613,00:00:00,106.8050000,106.8980000,103.5420000,104.6100000,9508926
USDJPY,W,20160620,00:00:00,104.6860000,106.8400000,98.9600000,101.7500000,9041948
USDJPY,W,20160627,00:00:00,101.5310000,103.3950000,101.3920000,102.5050000,8159038
USDJPY,W,20160704,00:00:00,102.5930000,102.8040000,99.9860000,100.5190000,6780292
USDJPY,W,20160711,00:00:00,100.6110000,106.3170000,100.5040000,105.3990000,9792325
USDJPY,W,20160718,00:00:00,105.3200000,107.4940000,105.2500000,106.2120000,8628233
USDJPY,W,20160725,00:00:00,106.1410000,106.7260000,101.9380000,102.1130000,8589668
USDJPY,W,20160801,00:00:00,102.2670000,102.8600000,100.6420000,101.9250000,6483469
USDJPY,W,20160808,00:00:00,101.9450000,102.6550000,100.8200000,101.1200000,5496464
USDJPY,W,20160815,00:00:00,101.1150000,101.4600000,99.5160000,100.7670000,7015390
USDJPY,W,20160822,00:00:00,100.7400000,101.9440000,99.9100000,102.0160000,6718855
USDJPY,W,20160829,00:00:00,102.0610000,102.1190000,101.8100000,102.2800000,1518
USDJPY,W,20160926,00:00:00,101.0060000,101.8420000,100.0800000,101.1470000,8459547
USDJPY,W,20161003,00:00:00,101.1980000,104.1630000,101.1720000,103.2500000,8724217
USDJPY,W,20161010,00:00:00,103.2480000,104.6360000,102.7780000,104.3050000,8472374
USDJPY,W,20161017,00:00:00,104.3020000,104.3720000,103.1400000,103.8100000,7844017
USDJPY,W,20161024,00:00:00,103.8210000,105.5320000,103.6850000,104.4300000,7692301
USDJPY,W,20161031,00:00:00,104.4040000,105.2330000,102.5390000,103.9820000,8802209
USDJPY,W,20161107,00:00:00,104.0280000,106.9490000,101.1570000,106.8200000,11748028
USDJPY,W,20161114,00:00:00,106.8510000,110.9540000,106.6900000,110.9530000,10909755
USDJPY,W,20161121,00:00:00,110.9430000,113.9000000,110.2300000,112.9550000,9917507
USDJPY,W,20161128,00:00:00,112.9620000,114.8270000,111.3200000,113.2800000,11033860
USDJPY,W,20161205,00:00:00,113.2570000,115.3690000,112.8350000,115.2780000,9089749
USDJPY,W,20161212,00:00:00,115.2600000,118.6650000,114.7160000,117.9480000,10557060
USDJPY,W,20161219,00:00:00,117.9480000,118.2420000,116.5120000,117.3200000,8702509
USDJPY,W,20161226,00:00:00,117.3430000,117.8140000,116.0340000,116.8700000,7449417
USDJPY,W,20170102,00:00:00,116.8800000,118.6080000,115.0330000,117.0140000,10137095
USDJPY,W,20170109,00:00:00,117.0140000,117.5500000,113.7310000,114.1400000,12158253
USDJPY,W,20170116,00:00:00,114.1480000,115.6240000,112.5300000,114.3870000,11816826
USDJPY,W,20170123,00:00:00,114.3870000,115.3780000,112.4850000,114.6390000,11029864
USDJPY,W,20170130,00:00:00,114.6200000,114.9520000,112.0400000,112.4630000,11096625
USDJPY,W,20170206,00:00:00,112.4220000,113.8550000,111.5700000,113.6000000,9165848
USDJPY,W,20170213,00:00:00,113.5950000,114.8420000,112.5800000,112.8550000,9024843
USDJPY,W,20170220,00:00:00,112.8590000,113.7780000,111.9170000,112.1000000,7949463
USDJPY,W,20170227,00:00:00,112.1000000,114.7500000,111.6640000,113.8130000,8928784
USDJPY,W,20170306,00:00:00,113.8140000,115.5050000,113.5290000,114.7130000,7993838
USDJPY,W,20170313,00:00:00,114.7130000,115.1950000,112.5260000,112.6700000,7688380
USDJPY,W,20170320,00:00:00,112.6970000,112.8980000,110.5890000,110.8610000,9078344
USDJPY,W,20170327,00:00:00,110.8830000,112.1980000,110.0770000,111.3750000,8287280
USDJPY,W,20170403,00:00:00,111.3890000,111.5890000,110.0910000,111.0160000,8626307
USDJPY,W,20170410,00:00:00,111.0790000,111.5820000,108.4800000,108.6810000,7885704
USDJPY,W,20170417,00:00:00,108.6910000,110.5930000,108.0990000,110.5360000,7812643
USDJPY,W,20170424,00:00:00,110.5320000,111.7790000,109.5690000,111.2300000,8191852
USDJPY,W,20170501,00:00:00,111.2400000,113.1190000,111.1750000,112.9070000,7244772
USDJPY,W,20170508,00:00:00,112.9310000,114.3700000,112.3570000,113.1040000,7770524
USDJPY,W,20170515,00:00:00,113.1240000,113.8550000,110.2110000,110.9930000,9827609
USDJPY,W,20170522,00:00:00,111.0200000,112.1290000,110.8250000,111.2070000,8413554
USDJPY,W,20170529,00:00:00,111.2080000,111.7110000,110.2050000,110.3160000,7628997
USDJPY,W,20170605,00:00:00,110.3150000,110.8130000,109.0800000,110.2670000,8656869
USDJPY,W,20170612,00:00:00,110.3110000,111.4190000,108.7990000,110.8410000,8452800
USDJPY,W,20170619,00:00:00,110.8550000,111.7880000,110.7040000,111.1580000,7137408
USDJPY,W,20170626,00:00:00,111.1570000,112.9280000,111.1010000,112.0760000,8872369
USDJPY,W,20170703,00:00:00,112.1000000,114.1810000,112.0590000,113.8450000,8261724
USDJPY,W,20170710,00:00:00,113.8550000,114.4960000,112.2400000,112.4100000,8314185
USDJPY,W,20170717,00:00:00,112.4550000,112.8680000,110.9770000,111.0640000,8114466
USDJPY,W,20170724,00:00:00,111.1300000,112.2030000,110.5300000,110.6370000,8941483
USDJPY,W,20170731,00:00:00,110.7150000,111.0510000,109.8080000,110.6880000,8985297
USDJPY,W,20170807,00:00:00,110.6610000,110.9200000,108.7140000,109.1550000,7980920
USDJPY,W,20170814,00:00:00,109.1340000,110.9490000,108.5690000,109.3500000,9010898
USDJPY,W,20170821,00:00:00,109.3490000,109.8450000,108.6090000,109.1570000,7789561
USDJPY,W,20170828,00:00:00,109.1560000,110.6720000,108.2560000,109.4830000,7748934
USDJPY,W,20170904,00:00:00,109.4820000,109.9340000,107.2900000,108.1710000,7943915
USDJPY,W,20170911,00:00:00,108.1690000,111.3340000,108.0860000,111.0600000,7530335
USDJPY,W,20170918,00:00:00,111.0590000,112.7160000,110.9700000,112.1100000,7698672
USDJPY,W,20170925,00:00:00,112.1530000,113.2570000,111.4500000,112.6080000,7874722
USDJPY,W,20171002,00:00:00,112.6070000,113.4410000,112.3000000,112.5250000,7383509
USDJPY,W,20171009,00:00:00,112.6430000,112.8280000,111.6410000,111.7420000,6717998
USDJPY,W,20171016,00:00:00,111.8370000,113.9050000,111.6300000,113.8590000,7228326
USDJPY,W,20171023,00:00:00,113.8580000,114.4530000,113.2200000,113.7160000,7946983
USDJPY,W,20171030,00:00:00,113.7150000,114.4280000,112.9300000,113.9960000,7668536
USDJPY,W,20171106,00:00:00,113.9950000,114.7350000,113.0700000,113.5170000,7567156
USDJPY,W,20171113,00:00:00,113.5160000,113.9120000,111.9100000,112.0480000,7485451
USDJPY,W,20171120,00:00:00,112.0470000,112.7190000,111.0400000,111.3530000,6778138
USDJPY,W,20171127,00:00:00,111.3740000,112.9780000,110.8200000,112.9520000,8727185
USDJPY,W,20171204,00:00:00,112.9510000,113.5900000,111.9700000,113.5060000,8093004
USDJPY,W,20171211,00:00:00,113.5050000,113.7510000,112.0100000,112.6300000,6786734
USDJPY,W,20171218,00:00:00,112.6290000,113.6380000,112.2900000,113.2270000,6470013
USDJPY,W,20171225,00:00:00,113.2950000,113.3840000,112.4400000,112.6660000,4895825
USDJPY,W,20180101,00:00:00,112.6740000,113.3200000,112.0300000,113.0640000,5082414
USDJPY,W,20180108,00:00:00,113.0670000,113.3870000,110.8800000,111.0750000,7589546
USDJPY,W,20180115,00:00:00,111.0740000,111.4820000,110.1600000,110.5710000,8248738
USDJPY,W,20180122,00:00:00,110.5700000,111.2240000,108.2600000,108.6840000,8913168
USDJPY,W,20180129,00:00:00,108.6200000,110.4830000,108.3890000,110.0900000,9553125
USDJPY,W,20180205,00:00:00,110.0930000,110.2920000,108.0200000,108.8070000,13776651
USDJPY,W,20180212,00:00:00,108.8070000,108.9350000,105.5200000,106.3300000,10613494
USDJPY,W,20180219,00:00:00,106.3290000,107.9030000,106.0700000,106.8830000,7948039
USDJPY,W,20180226,00:00:00,106.8820000,107.6760000,105.2300000,105.4600000,9410459
USDJPY,W,20180305,00:00:00,105.4600000,107.0530000,105.3200000,106.6490000,9488861
USDJPY,W,20180312,00:00:00,106.6200000,107.2940000,105.5700000,105.9240000,7470922
USDJPY,W,20180319,00:00:00,105.9040000,106.6410000,104.5400000,104.6560000,9099250
USDJPY,W,20180326,00:00:00,104.7080000,107.0120000,104.6060000,106.1710000,9463276
USDJPY,W,20180402,00:00:00,106.2620000,107.4930000,105.6300000,106.9390000,9627847
USDJPY,W,20180409,00:00:00,106.9340000,107.7800000,106.5900000,107.5030000,9286569
USDJPY,W,20180416,00:00:00,107.4670000,107.8560000,106.8500000,107.7810000,7999782
USDJPY,W,20180423,00:00:00,107.7790000,109.5390000,107.6300000,109.0570000,9099158
USDJPY,W,20180430,00:00:00,109.0750000,110.0370000,108.6200000,109.1080000,8047964
USDJPY,W,20180507,00:00:00,109.0520000,110.0190000,108.7300000,109.3240000,7830172
USDJPY,W,20180514,00:00:00,109.3840000,111.0820000,109.1800000,110.8690000,7955935
USDJPY,W,20180521,00:00:00,110.8730000,111.3960000,108.9300000,109.7310000,9263180
USDJPY,W,20180528,00:00:00,109.7490000,109.8320000,108.0800000,109.4260000,10464233
USDJPY,W,20180604,00:00:00,109.4250000,110.2670000,109.1700000,109.3040000,8666767
USDJPY,W,20180611,00:00:00,109.3030000,110.9040000,109.2590000,110.6570000,7866974
USDJPY,W,20180618,00:00:00,110.6660000,110.7600000,109.5300000,109.8250000,8041394
USDJPY,W,20180625,00:00:00,109.8550000,110.9440000,109.3500000,110.6440000,8698026
USDJPY,W,20180702,00:00:00,110.5790000,111.1350000,110.2500000,110.4050000,8493836
USDJPY,W,20180709,00:00:00,110.4230000,112.8000000,110.3300000,112.1990000,8038575
USDJPY,W,20180716,00:00:00,112.2000000,113.1760000,111.1600000,111.3760000,8522884
USDJPY,W,20180723,00:00:00,111.3690000,111.5440000,110.5700000,110.9340000,8326537
USDJPY,W,20180730,00:00:00,110.9140000,112.1520000,110.7350000,111.2140000,7865283
USDJPY,W,20180806,00:00:00,111.2140000,111.5270000,110.3000000,110.4300000,6668800
USDJPY,W,20180813,00:00:00,110.4600000,111.4320000,110.0800000,110.5840000,8117777
USDJPY,W,20180820,00:00:00,110.5840000,111.4870000,109.7400000,111.3140000,6688407
USDJPY,W,20180827,00:00:00,111.3130000,111.8290000,110.6600000,111.0600000,6577921
USDJPY,W,20180903,00:00:00,111.0590000,111.7580000,110.3600000,111.0270000,6903476
USDJPY,W,20180910,00:00:00,111.0500000,112.1690000,110.8300000,112.0290000,6005695
USDJPY,W,20180917,00:00:00,112.0300000,112.8740000,111.6400000,112.3840000,6776289
USDJPY,W,20180924,00:00:00,112.3860000,113.7600000,112.3810000,113.7070000,7319297
USDJPY,W,20181001,00:00:00,113.7030000,114.5500000,113.4900000,113.7510000,8116807
USDJPY,W,20181008,00:00:00,113.7520000,113.9430000,111.8100000,112.1340000,11024830
USDJPY,W,20181015,00:00:00,112.1350000,112.7310000,111.5900000,112.5600000,10220173
USDJPY,W,20181022,00:00:00,112.5600000,112.8860000,111.3500000,111.8580000,12207499
USDJPY,W,20181029,00:00:00,111.8570000,113.3850000,111.7500000,113.1510000,10745659
USDJPY,W,20181105,00:00:00,113.1650000,114.0880000,112.9200000,113.7480000,9046579
USDJPY,W,20181112,00:00:00,113.7530000,114.2140000,112.6200000,112.7480000,10373232
USDJPY,W,20181119,00:00:00,112.7480000,113.2300000,112.2700000,112.8660000,8911732
USDJPY,W,20181126,00:00:00,112.8790000,114.0370000,112.8500000,113.8080000,8283914
USDJPY,W,20181203,00:00:00,113.7970000,113.8240000,112.2000000,112.5370000,9747604
USDJPY,W,20181210,00:00:00,112.5390000,113.7080000,112.2100000,113.3140000,10088870
USDJPY,W,20181217,00:00:00,113.3250000,113.5210000,110.7800000,110.8700000,11469132
USDJPY,W,20181224,00:00:00,110.8400000,111.4080000,109.9800000,110.3690000,9762098
USDJPY,W,20181231,00:00:00,110.3730000,110.4750000,104.7070000,108.6280000,9562680
USDJPY,W,20190107,00:00:00,108.6280000,109.0880000,107.7400000,108.5090000,8902534
USDJPY,W,20190114,00:00:00,108.5090000,109.8900000,107.9700000,109.6070000,7950526
USDJPY,W,20190121,00:00:00,109.6460000,109.9990000,109.1200000,109.4940000,7525677
USDJPY,W,20190128,00:00:00,109.5090000,109.7430000,108.4700000,109.4890000,7465914
USDJPY,W,20190204,00:00:00,109.4890000,110.1630000,109.4000000,109.6850000,6691514
USDJPY,W,20190211,00:00:00,109.6980000,111.1280000,109.6770000,110.4200000,9571294
USDJPY,W,20190218,00:00:00,110.4180000,110.9500000,110.4100000,110.6260000,9062264
USDJPY,W,20190225,00:00:00,110.6620000,112.0770000,110.3200000,111.8660000,9095345
USDJPY,W,20190304,00:00:00,111.8580000,112.1370000,110.7460000,111.0000000,9094369
USDJPY,W,20190311,00:00:00,110.9960000,111.9020000,110.8500000,111.4690000,5926095
USDJPY,W,20190318,00:00:00,111.4640000,111.6960000,109.7200000,109.9150000,6100389
USDJPY,W,20190325,00:00:00,109.9160000,111.0930000,109.6900000,111.0180000,7642066
USDJPY,W,20190401,00:00:00,111.0140000,111.8240000,110.7970000,111.6620000,5994315
USDJPY,W,20190408,00:00:00,111.6750000,112.0960000,110.8100000,111.9750000,5216929
USDJPY,W,20190415,00:00:00,111.9600000,112.1660000,111.7300000,111.9250000,4957627
USDJPY,W,20190422,00:00:00,111.8650000,112.4010000,111.3600000,111.5490000,4772792
USDJPY,W,20190429,00:00:00,111.5410000,111.8990000,110.5200000,110.5990000,4230723
USDJPY,W,20190506,00:00:00,110.6530000,110.9590000,109.4400000,109.7600000,6528962
USDJPY,W,20190513,00:00:00,109.7320000,110.2360000,108.9900000,110.1030000,6345509
USDJPY,W,20190520,00:00:00,110.0980000,110.6730000,109.2420000,109.3200000,5765733
USDJPY,W,20190527,00:00:00,109.2790000,109.9260000,108.2250000,108.2800000,5880804
USDJPY,W,20190603,00:00:00,108.2580000,108.6700000,107.7900000,108.4900000,9782824
